date,forecast,forecast_lower,forecast_upper
2014-01-03,1548.0369450541948,-1171.55953786381,4328.548174006491
2014-01-04,1052.6940917261832,-1593.969535254597,3832.5933009680916
2014-01-05,1144.516173753063,-1525.6885180586778,3919.041652991113
2014-01-06,1269.848510035089,-1209.2760343600019,3884.5746589085693
2014-01-07,612.3711176164157,-2045.9979949337642,3131.8871486229214
2014-01-09,822.5235925512063,-1876.486517447748,3403.2425146673645
2014-01-10,1043.267675106478,-1618.1298051637843,3833.678528419088
2014-01-11,613.1043384466603,-2082.0025284392,3192.178874155983
2014-01-13,972.925328755457,-1891.0860019312213,3681.8920411873733
2014-01-14,390.00999274208357,-2250.7071622959174,3113.0342769805907
2014-01-15,-467.8741057998011,-3169.3901863358356,2422.7584348334717
2014-01-16,747.9996658995359,-2018.673886671798,3560.50543325511
2014-01-18,674.3735178449654,-1958.1989284066688,3308.8120747753387
2014-01-19,895.6764309852808,-1901.419434556401,3545.1566320050624
2014-01-20,1146.4645593387522,-1625.874661123225,3790.587459589885
2014-01-21,607.8042535354773,-1963.4458073542226,3413.769425548367
2014-01-23,1025.9617967156287,-1731.6645298995822,3736.2685836075616
2014-01-26,1185.9048365890171,-1498.6573961093836,3868.272227121051
2014-01-27,1419.7955913856051,-1404.7967409889864,4304.024791290923
2014-01-28,854.3963785406472,-1761.8119565312718,3406.766813209291
2014-01-30,1192.7910884313958,-1638.7544989041255,3730.141820518281
2014-01-31,1447.5430596812114,-1261.3631930749918,4175.135648227739
2014-02-01,1030.652992004223,-1779.2319504382858,4007.641949624449
2014-02-02,1184.8831035290766,-1541.8400211287212,3825.6908976110053
2014-02-03,1355.7635046399118,-1373.319663737946,3917.1616711867046
2014-02-04,726.5541377852675,-2032.6384771983462,3337.1905141240927
2014-02-06,941.7641182657434,-1765.1228132236392,3722.3346393271618
2014-02-07,1140.4996830385664,-1530.7249892350133,3920.9934636476123
2014-02-08,673.4298836554366,-2057.8159745645507,3229.7702359066343
2014-02-11,267.4077578157103,-2480.774182517353,2973.3756996028646
2014-02-12,-668.3141984965191,-3318.560276262735,2116.712740699417
2014-02-14,672.7487202828605,-2131.4571327761246,3499.6255774666847
2014-02-15,225.8796942509773,-2478.851330745369,2840.406310161983
2014-02-16,368.9078476832244,-2332.2273604344728,2945.9249145749623
2014-02-17,548.222510423646,-2103.797906375294,3485.890048083449
2014-02-18,-52.50645853384094,-2625.83662803849,2911.721437423409
2014-02-20,279.13544478399695,-2322.3300434998173,3175.142634159641
2014-02-21,564.343043746069,-2057.544329554697,3322.6384736353893
2014-02-22,200.862584449319,-2616.796480014274,2808.4714281476213
2014-02-23,431.0992545383831,-2328.8447612864525,3310.5339366628123
2014-02-24,699.7046214943151,-1995.2876063840345,3322.058722770299
2014-02-27,693.0245791416609,-2150.898704464285,3558.000356746987
2014-03-01,767.6379057360025,-2039.1535048665444,3555.366671233628
2014-03-02,1062.9210819859481,-1698.1122500419585,3559.7142697598915
2014-03-03,1387.1925952228598,-1352.739181949535,4263.390924070392
2014-03-04,921.2374133853905,-2076.754364110295,3558.0262199226086
2014-03-05,170.06369598910624,-2658.7249827727733,2794.181256474825
2014-03-07,1855.9630883087107,-844.9309199569279,4486.49299019714
2014-03-10,2140.0126433724918,-565.8710984979966,4981.972177776304
2014-03-11,1635.7332683647628,-1154.308559530915,4237.106311205661
2014-03-14,2397.6963970071256,-255.09913143051546,5185.9064124227825
2014-03-15,2031.730646998894,-767.2719187321399,4832.578578753358
2014-03-16,2233.9339489000467,-545.3023653261042,4909.691479510243
2014-03-17,2449.643589671626,-420.5502350636193,5252.2047693306195
2014-03-18,1861.9034957288952,-963.744018987201,4452.708345481277
2014-03-19,978.2057142681033,-1616.541547405214,3673.816291489706
2014-03-21,2377.542561415282,-348.086210128777,5168.4154836846
2014-03-22,1935.813139594527,-798.4087536419597,4796.237866009339
2014-03-23,2067.649581433129,-705.125622567146,4841.504741149447
2014-03-24,2219.50233792078,-596.0693349635336,5197.324797772834
2014-03-25,1575.3489945382985,-1076.933554077602,4196.616785751695
2014-03-26,643.4192943273746,-2064.5681335841373,3380.718083296323
2014-03-28,1972.744524351512,-828.9678924641257,4611.19929448889
2014-03-29,1509.6554678237515,-1282.399089740713,4175.598453522261
2014-03-30,1629.1575980904745,-1104.5898408680064,4409.489507653605
2014-03-31,1777.3950134067343,-866.0176436862051,4604.136291019315
2014-04-01,1137.8533271131778,-1419.9950401340163,3783.0461758147585
2014-04-02,218.103178734224,-2407.0897731551795,2837.9987506570405
2014-04-03,1368.298160630665,-1513.6721845781021,4095.1137625129604
2014-04-04,1591.155004831237,-1165.16851909682,4218.311617529784
2014-04-05,1157.6727745723788,-1546.3812986459727,3898.579723868562
2014-04-06,1310.5256436443688,-1244.592189943926,4043.9153474073128
2014-04-07,1494.744417593643,-1293.9080271414318,4195.280674412095
2014-04-08,892.6975305837155,-1709.8435738490648,3695.543530979717
2014-04-11,1456.9304082084561,-1236.065445960124,4119.431924757143
2014-04-12,1056.7231259948705,-1597.8724899533272,3806.7739832910324
2014-04-13,1239.6656071106684,-1615.606608529959,3828.5967171047328
2014-04-15,870.17192749615,-1988.6134106946495,3589.024358177434
2014-04-16,5.809175055192554,-2558.5202573636975,2711.1645657701506
2014-04-18,1472.6480882029132,-1372.5019274362867,4091.975952704731
2014-04-19,1075.8850621143606,-1712.3872239435464,3890.5430998110774
2014-04-20,1257.9758223853182,-1563.475212936423,4019.127473619466
2014-04-21,1463.750431560165,-1190.59556941915,4138.412112197661
2014-04-22,875.6302902906394,-1885.9294380577928,3862.742261076189
2014-04-23,0.3886107349842405,-2806.0611875172954,2881.170851252098
2014-04-25,1439.909152415424,-1359.3290218267612,4159.865297803149
2014-04-26,1028.1690753454075,-1535.6192869107729,3563.9723597636525
2014-04-28,1387.1366293264089,-1268.9558565160269,4091.9565591140567
2014-04-29,786.4933986294675,-2027.0202273264538,3641.0358095079637
2014-04-30,-99.14769304367974,-2990.4089351516895,2775.4706014514336
2014-05-02,1327.9861226107073,-1424.608512820545,4107.096144346759
2014-05-03,915.0311298747569,-1820.7449852946672,3609.0489709470035
2014-05-04,1084.6906763140219,-1467.6063588929132,3804.2645565023154
2014-05-05,1282.6152712802839,-1422.9301066297758,3843.6382570567025
2014-05-06,691.8830633028672,-2056.5613752148274,3245.4080360545954
2014-05-07,-180.25686368533502,-2829.1892394651272,2599.85364389112
2014-05-08,1016.1109711428289,-1758.7505260507082,3807.196022901383
2014-05-09,1283.54410345892,-1362.1505748951308,3803.400123658002
2014-05-10,892.9549536005367,-1795.1394124839144,3768.075354371547
2014-05-11,1086.9956795748224,-1590.742579457389,3823.8555671790186
2014-05-12,1310.7305045110916,-1299.0904246775867,4078.1771510554604
2014-05-13,746.6065703528838,-2015.0885477725603,3218.5228941361033
2014-05-14,-98.7843785569396,-2762.729857765512,2928.2252040844905
2014-05-16,1416.2884482869954,-1291.5107620089339,4152.343442720021
2014-05-17,1048.9441628019604,-1688.450791667285,3812.413731001714
2014-05-18,1263.8494654881054,-1426.731781831607,4040.516000400274
2014-05-19,1505.5520791721228,-1230.8260041654307,4490.262673875128
2014-05-20,956.0576643189754,-1740.293859303298,3734.872797446794
2014-05-21,121.60258225731832,-2625.8084790846638,2834.8577415558225
2014-05-22,1351.1766744805054,-1132.538903506337,4354.1304466408865
2014-05-23,1646.5233648454373,-1049.1186561495394,4379.897661560982
2014-05-24,1277.8734317988558,-1578.957710552322,4036.4890120429573
2014-05-25,1487.3467849821807,-1415.4959695227294,4266.75293252746
2014-05-26,1719.637304755438,-1221.5534224885985,4437.068705052637
2014-05-27,1156.9915359258268,-1625.644295345246,3883.59733508052
2014-05-28,305.9734163223843,-2601.155425555601,3023.660307379478
2014-05-30,1789.2135764738946,-863.7690443658895,4514.846446089114
2014-05-31,1396.4336363497432,-1240.119548873212,4103.0549724971925
2014-06-01,1580.3122282704699,-1307.909185940681,4461.491757755338
2014-06-02,1786.1194053777297,-1024.578887923306,4239.914693237665
2014-06-03,1196.6832744162891,-1463.5739770656605,3787.9890002089046
2014-06-04,319.1395062419515,-2430.6885482895123,3104.4745362588937
2014-06-06,1752.274099698378,-896.0236350687069,4648.645919172294
2014-06-07,1336.883344023337,-1270.4730013505023,4249.561175210677
2014-06-08,1500.3316377602034,-1169.353769719362,4565.13078717019
2014-06-09,1688.2197497496932,-1094.5340318345388,4342.965846249633
2014-06-10,1083.6316582011086,-1541.5883679130748,3683.1144918139757
2014-06-13,1611.7385646390069,-858.3114349513542,4425.679649569074
2014-06-14,1193.2363612889444,-1583.6679005817805,4166.285186888093
2014-06-15,1356.439045220877,-1316.9646555867268,3819.6303714041405
2014-06-16,1546.750329366404,-1397.2993659397482,4105.3214155049845
2014-06-17,947.0003982050177,-1757.1524318087427,3726.22152957664
2014-06-18,64.20117759536743,-2600.4960437196646,2839.225680354227
2014-06-20,1500.9330856449428,-1099.2958252924975,4107.201082573026
2014-06-21,1093.6142200499044,-1611.3317611538664,3725.473866319937
2014-06-22,1268.6619390085007,-1445.2989679814657,4042.2489723618405
2014-06-23,1471.1116507957659,-1254.54977211863,4232.829333963183
2014-06-24,883.4447962945356,-1957.0431551799186,3758.4125653731103
2014-06-25,12.353446078964453,-2740.641916745556,2622.573020743597
2014-06-27,1470.2872779787783,-1289.0384229424278,4287.558696243226
2014-06-28,1072.0320110140194,-1825.979971604896,3683.364191950656
2014-06-29,1254.9153086575889,-1607.2342176135883,3902.9725655108246
2014-06-30,1463.8861274748458,-1420.8067692131237,4161.348013989116
2014-07-01,881.3920743659316,-2061.4983180560102,3475.6986941300624
2014-07-02,14.141941246662327,-2557.4979458434723,2647.860391346943
2014-07-04,1476.059897925335,-1277.0418111362749,4183.034594376322
2014-07-05,1078.1942241198326,-1671.8798417448565,3870.964534294577
2014-07-06,1260.6154794523195,-1359.2457105470035,4089.9110408172764
2014-07-07,1468.4628289383918,-1333.5575947167574,4087.546934966948
2014-07-08,884.3864026278084,-2006.0999574352197,3721.8851839367303
2014-07-09,15.301449555434829,-2874.990930402566,2860.3233938926273
2014-07-11,1473.5891705052081,-1243.0730624917599,4284.197857417579
2014-07-12,1074.2893860054317,-1499.3223280707377,3899.9404524290862
2014-07-13,1255.7335676426567,-1598.0323415160572,4050.490999125089
2014-07-14,1463.1767708144355,-1264.8067255121332,4312.959641705036
2014-07-15,879.3512445774654,-2020.903815863501,3521.732806841634
2014-07-18,1473.5139418165304,-1179.5497105425477,4151.953465042795
2014-07-19,1077.181792439303,-1705.2723199140116,3716.2319468925107
2014-07-20,1262.1236595555151,-1563.2842850772563,4021.939860604266
2014-07-21,1473.476436394712,-1446.377911186079,4126.8201199995165
2014-07-22,893.8336769495697,-1760.5955376408133,3613.013257068187
2014-07-23,30.003953717087825,-2511.5256314287,2698.9427529309396
2014-07-25,1500.6289046768914,-1038.7446500992467,4329.094997998755
2014-07-26,1108.0122473909264,-1486.1780054420822,3736.4137461122878
2014-07-27,1296.1836731782844,-1449.6584725191,3966.247939012962
2014-07-28,1510.1661970948396,-1056.613963743201,4356.408424088571
2014-07-30,69.84544059807422,-2576.000779346525,2878.4070612754726
2014-08-01,1540.6583237518594,-1134.8698373481807,4498.510760220446
2014-08-02,1147.1181187644606,-1528.754972224316,3944.234250928244
2014-08-03,1333.822032432236,-1469.0960410431028,3780.3939385295616
2014-08-04,1545.945306413228,-1314.0480453344946,4321.296672489061
2014-08-05,966.1861360997552,-1647.9137192568605,3641.133458227074
2014-08-06,101.52493236692567,-2871.935415189915,2741.163759284954
2014-08-08,1569.3535044487883,-1190.6308362657908,4109.4192071106945
2014-08-09,1175.42578575452,-1545.3811018410543,3750.361698384392
2014-08-11,1577.1281447741583,-1220.936808869553,4266.282127690951
2014-08-12,1001.1881339827974,-1652.404052155831,3910.6035942159633
2014-08-15,1628.1855310939102,-1086.779094805241,4381.881872926147
2014-08-16,1246.8962442646362,-1329.1811763197484,3796.50510289322
2014-08-17,1449.480188732941,-1336.2344234623645,4101.638960423212
2014-08-19,1125.5833617415647,-1538.1983914527527,3772.3934712309756
2014-08-20,289.1165590125195,-2424.1146655702155,2990.3236056527153
2014-08-22,1826.0799527328065,-1065.5618706648231,4617.136914007908
2014-08-23,1472.8024972184162,-1316.3625918192752,4126.526559979533
2014-08-24,1704.560285247632,-853.3532544524596,4409.183056166107
2014-08-25,1966.379683218563,-655.6642518000764,4832.496555048639
2014-08-26,1440.683523638773,-1161.8011639308493,4285.312045914181
2014-08-27,634.04729173665,-2000.0735684385688,3416.0757259529546
2014-08-29,2227.5473962759606,-394.13970261757606,5153.065979982829
2014-08-30,1899.8245500097885,-620.3008187863869,4690.890821140928
2014-08-31,2154.561931744733,-680.8330231678929,4820.563599062174
2014-09-01,2436.2307984350427,-483.86598087352303,5042.275336871851
2014-09-02,1926.7284996340604,-825.9270132436508,4827.058978537404
2014-09-03,1132.146040811399,-1422.0547304533563,4002.0399542369073
2014-09-05,2735.6637291212687,126.84221466405587,5228.495176451523
2014-09-06,2405.2321014054783,-242.0897278263292,5062.896148014047
2014-09-07,2651.7913527980254,-129.50665881536537,5572.581924630405
2014-09-08,2919.672062536455,17.456035041272006,5495.921863512964
2014-09-09,2390.718343450765,-207.31451214464624,5242.7243818828765
2014-09-10,1571.0579783918056,-1321.458118895301,4135.318581922978
2014-09-11,2809.6219818046698,37.67297641595958,5625.072778402113
2014-09-12,3108.1411005272953,408.7302865324134,5742.882251306298
2014-09-13,2736.8758077779958,-16.084880937781016,5491.147758867972
2014-09-14,2938.014322211042,233.3905671417413,5591.984752208929
2014-09-15,3156.353892393247,555.6237713566727,5931.048305713885
2014-09-16,2574.2762977517305,-197.92235532549168,5385.076666801011
2014-09-17,1698.5098782983832,-968.819686887686,4493.8632587361835
2014-09-19,3117.095487770561,406.996777841708,6027.55872401763
2014-09-20,2684.8683011407215,-71.06651453306993,5465.563706440213
2014-09-21,2824.900319598595,-77.56294110279474,5374.604495393694
2014-09-22,2982.753549598542,102.1883539130687,5701.026463777746
2014-09-23,2341.5743797136556,-483.44618032857704,4932.8645022516
2014-09-24,1408.844557092765,-1186.5924156919864,4110.890450756697
2014-09-25,2534.8809158492586,-295.059307040699,5327.702718762712
2014-09-26,2722.8117202975923,-213.41918916959781,5447.380104784784
2014-09-27,2244.2865152236013,-330.32330311278326,5084.871024033301
2014-09-28,2342.8543375526474,-238.21737057796742,5017.4954329614975
2014-09-29,2464.6258301007497,-332.73119723955784,5095.853911627019
2014-09-30,1793.2304819428384,-893.1970480810061,4471.268282727322
2014-10-01,836.56155121852,-1875.1427253789675,3526.031077546512
2014-10-02,1945.270763074885,-643.2581664771167,4686.928277838009
2014-10-03,2122.740665510867,-516.1934563061998,4688.153980678503
2014-10-04,1640.7915396034177,-1070.2924435299642,4382.750774207765
2014-10-05,1743.057709688383,-912.4202325656087,4553.100905731875
2014-10-06,1875.6487745365694,-988.443336385199,4687.728728282467
2014-10-07,1222.1069562453822,-1538.342025742129,3950.5018761225174
2014-10-08,290.15308868289185,-2570.360951018877,2893.005611444645
2014-10-09,1430.1833005926637,-1187.453784128436,4365.970451886168
2014-10-10,1645.2442362977622,-1015.395908862434,4311.813627885992
2014-10-11,1206.7436701817462,-1588.3201403345693,3943.942021691787
2014-10-12,1357.8313206135635,-1489.2781472151737,4246.047738262531
2014-10-13,1544.065345294785,-1025.2924269389014,4217.135036865524
2014-10-14,948.3756766058184,-1897.4758769288355,3817.021076219882
2014-10-15,77.81668114181639,-2578.682424872554,2761.230054571113
2014-10-16,1282.0711602441527,-1452.7651962853106,4075.644151036455
2014-10-17,1563.4334944937402,-1288.519530586294,4576.274436939132
2014-10-18,1192.5287447640778,-1505.543209608082,3938.4329324653127
2014-10-19,1411.7024666775467,-1301.4313262833743,4101.110703294122
2014-10-20,1665.696665796339,-1096.321197053936,4307.282339914416
2014-10-21,1136.6229791058151,-1650.5209522732628,3823.7158812585053
2014-10-22,330.7255057675018,-2331.173408407082,2877.0138117398947
2014-10-24,1936.6635310908716,-786.1803968608516,4587.364520102001
2014-10-25,1619.932112513471,-1073.7285427416443,4299.922449955478
2014-10-26,1888.3729113886225,-747.410947481054,4544.400233721397
2014-10-27,2186.114332027057,-588.395750329569,4855.964073197566
2014-10-28,1694.724099959139,-1015.2606700634346,4482.605294372988
2014-10-29,919.9811877679892,-1827.450744458831,3639.263128418046
2014-10-31,2567.2240672721928,-135.23265132450877,5565.903423459225
2014-11-01,2260.1765687246016,-622.5104847030616,5016.88986019345
2014-11-02,2530.850787939869,-192.17362696087244,5170.12969996903
2014-11-03,2823.4069570711563,-8.821843654442253,5631.767217234207
2014-11-04,2319.5554654030116,-369.8273988810627,5066.234499139834
2014-11-05,1525.3288069971197,-1030.4400267399499,4149.513458006688
2014-11-06,2789.6024446112287,19.125145151678087,5502.838927591242
2014-11-07,3114.092033118627,285.3883134988468,6035.797974595144
2014-11-08,2769.08347654755,-59.46610988728715,5504.586150903451
2014-11-09,2996.830266947978,278.8324171854077,5511.2875464781
2014-11-10,3242.2332613816616,477.6992344508606,5795.628147340545
2014-11-11,2687.8137687131893,37.539812932954575,5462.9990694004755
2014-11-12,1840.4721893763224,-904.1247072952484,4700.003018332959
2014-11-14,3319.031011737622,483.20976892428007,5999.019861486723
2014-11-15,2918.8138834942984,277.51949051626127,5567.153696708916
2014-11-16,3092.531928138971,448.7598384314556,5800.512915564324
2014-11-17,3285.9944373587123,588.1674826923863,5973.375301252223
2014-11-18,2682.5855369739375,-92.30582446680019,5591.4908346282655
2014-11-19,1790.0049537760083,-994.9970703278589,4636.571787030658
2014-11-20,2958.7569628056904,221.0840338722565,5662.180446843121
2014-11-21,3192.1155937919725,582.2203265193899,5972.002558231239
2014-11-22,2761.8232405997724,-141.90513365744445,5610.605586320059
2014-11-23,2911.4578117267233,406.7474704889565,5615.275413285053
2014-11-24,3087.0842720694086,559.8397860441473,5793.3619021259565
2014-11-25,2472.2021290259972,-364.5309558228814,5167.867715499886
2014-11-26,1574.48175754157,-1118.8966263429656,4326.395075876359
2014-11-27,2744.251996508754,-167.94780966319126,5577.265145065846
2014-11-28,2984.4672294164848,301.8438324459686,5745.635111328997
2014-11-29,2566.411155453096,-453.0133816515272,5210.512925543432
2014-11-30,2733.0723748291084,-30.11696057327818,5514.810115744132
2014-12-01,2929.807545196383,210.0677529476425,5575.765972803424
2014-12-02,2339.303488792234,-259.41452325358756,4954.645139938863
2014-12-03,1468.3308924330674,-1363.011860790295,4444.95271430732
2014-12-04,2666.2517060423684,44.70637190764731,5629.815364751171
2014-12-05,2935.00805458536,434.9653447402948,5749.087793922036
2014-12-06,2544.849410410719,-131.71873215320625,5312.8574163637595
2014-12-07,2737.732637239913,18.624165831898924,5666.562191713375
2014-12-08,2958.0101084824346,101.17610236594325,5811.462099561555
2014-12-09,2387.4166960751477,-494.005904765618,4930.28833484542
2014-12-10,1531.8476735526185,-1340.1981139393592,4201.333266754075
2014-12-12,3012.827486583272,461.43191013440276,5755.726172154111
2014-12-13,2620.3962223926555,-55.42193467079187,5287.525429454548
2014-12-14,2804.190716479669,-116.97916390615599,5507.916427672419
2014-12-15,3008.3691489097,263.88573133657275,5702.739135725448
2014-12-16,2414.647960010214,-404.0405525887468,5193.720569081759
2014-12-17,1529.0842520073431,-1331.1236726746142,4188.3306303731715
2014-12-19,2931.019592870205,108.5567191477448,5679.474710061354
2014-12-20,2490.7437112959387,-337.562436174652,5191.42956910688
2014-12-21,2622.2157270484267,-53.15025881037476,5385.951604365223
2014-12-22,2770.5736161951336,-166.41499811241408,5480.499530704735
2014-12-23,2118.6313091236907,-616.9256421290239,4834.799276134818
2014-12-24,1173.6372506240402,-1556.246297314422,3819.5728549301534
2014-12-26,2458.156875149261,-306.55717280044263,5297.381928856107
2014-12-27,1962.497641404375,-584.1997729150337,4710.568700139188
2014-12-28,2042.5195882047256,-691.4987238527043,4746.563550427872
2014-12-29,2144.588288192817,-747.2409449323126,4828.386737714797
2014-12-30,1452.660393714169,-1423.6083918710585,4229.1732965096
2014-12-31,475.01311714003634,-2387.302859985446,3109.3359888407167
2015-01-02,1719.610324206974,-891.0335627976135,4583.792896506423
2015-01-03,1217.9428596973153,-1534.0354805909656,3820.4746096944004
2015-01-04,1301.774102109443,-1403.3640256186873,3989.7394345797134
2015-01-05,1417.592522029277,-1219.8916914189042,4082.0867414018207
2015-01-06,749.2574956278311,-2043.8342078283986,3617.476088560855
2015-01-09,1141.772762351027,-1693.981971168691,3968.4372004588795
2015-01-10,697.7493868793181,-2092.286311623112,3272.8686387206617
2015-01-12,1029.9662508152542,-1633.8554806833379,3848.5964983774525
2015-01-13,433.89183630153843,-2423.222908720706,3032.3116732167755
2015-01-17,676.2080863469978,-2195.6892204633486,3268.2923232997878
2015-01-19,1136.655770891574,-1338.0774205326272,4059.87365511206
2015-01-23,1321.8193262302111,-1528.8146143225938,4020.3658947133836
2015-01-24,966.2043246443136,-1875.0365821246057,3633.2801558576093
2015-01-26,1429.5049756044434,-1222.2002470389618,4194.448414488236
2015-01-27,873.5341902181879,-1654.4532577292682,3433.7412115272828
2015-01-28,25.379091999113825,-2771.9308642680908,2655.2931631116453
2015-01-30,1500.3319775879356,-1068.4814704193716,4326.07046531849
2015-01-31,1095.4604385415703,-1741.1751439368115,3763.780813774193
2015-02-03,825.3961363809009,-2010.303204917336,3467.9088966868935
2015-02-06,1264.0396517880772,-1234.900231077153,4029.5508316880882
2015-02-07,801.9334099278374,-1899.1993341180003,3510.8385968132075
2015-02-08,916.2772261944591,-1966.659299128439,3863.9636018346664
2015-02-09,1053.759000830694,-1520.6175094026016,3817.9044834231768
2015-02-10,398.6529655228346,-2369.259828294284,3130.8201884061255
2015-02-14,330.95309047034766,-2507.1478839390356,3199.0027674824355
2015-02-15,462.58826977305216,-2412.254183025075,3033.690696259249
2015-02-16,628.9234672564602,-2154.1426701015776,3287.360849606019
2015-02-18,-874.5939835441002,-3445.174420880113,1915.8438645899394
2015-02-20,582.6407946642643,-2074.247534404475,3253.153078750554
2015-02-21,202.49237738763645,-2585.53074852797,2899.4328915244496
2015-02-22,416.2998516840937,-2310.265237022267,3180.4891787406
2015-02-23,669.0484619283357,-1999.1708861576756,3348.4263617324004
2015-02-25,-655.8549029045016,-3389.43830612805,2200.247076463414
2015-02-27,975.7432745535743,-1923.134181410357,3738.466926527658
2015-02-28,676.7561875833225,-2039.979995427501,3385.800057855031
2015-03-01,965.4954626838022,-1907.2854060024092,3694.8004690945622
2015-03-02,1285.440829786029,-1406.1166853321354,4108.841627881522
2015-03-05,1380.5253501243117,-1267.3634670983595,4328.369984708068
2015-03-06,1759.8418593920467,-1096.4688604205217,4435.380835002558
2015-03-07,1473.5127397694591,-1410.0334636056432,4520.65789545915
2015-03-08,1762.4675200821705,-980.3055838388977,4604.450317425207
2015-03-09,2070.271302435869,-765.1258063310814,4857.940279217131
2015-03-10,1578.1248554263339,-1370.1964576391945,4256.487234887366
2015-03-12,2059.4138904925994,-705.5106021340586,4844.011285221931
2015-03-13,2382.94273130916,-454.23933992294286,5020.554248923623
2015-03-14,2032.4425586791494,-512.6020101185701,4731.733850303364
2015-03-15,2250.200375121891,-712.0303578151785,4762.035979591609
2015-03-16,2481.2576866262025,-273.741016015247,5369.971252729141
2015-03-17,1908.3753394479018,-900.3295994080751,4580.725377616191
2015-03-19,2222.662619433826,-643.4744025969304,4781.108648570612
2015-03-20,2463.132849994682,-222.78889068307626,5348.764415829174
2015-03-21,2031.9270719637707,-689.9216206766788,4650.070844347977
2015-03-22,2172.774437132828,-535.3512781482757,4874.312834801632
2015-03-23,2332.0141621877633,-384.3724683994473,5064.60476968956
2015-03-24,1693.5619905338901,-1073.0035876221064,4354.92178108195
2015-03-26,1899.1816781314033,-1063.9698934669213,4372.873893512442
2015-03-27,2097.9250882063407,-674.496845817816,4807.67434342849
2015-03-28,1633.962130512905,-1196.2797742616117,4140.454206726854
2015-03-29,1751.1688387105232,-1109.4412622210148,4441.706581433942
2015-03-30,1895.8390431401576,-927.8066440000285,4655.685191004963
2015-03-31,1251.6309446865737,-1666.1059635842812,4030.745163872363
2015-04-02,1470.2188619000242,-1226.5133669354077,4267.686448333594
2015-04-04,1245.7495350788624,-1496.7034984084012,4087.8604997792927
2015-04-05,1391.4564221748708,-1238.444170273972,4094.9678222605903
2015-04-06,1568.6449563152942,-1135.9647052131336,4412.4952203634075
2015-04-07,959.8656485610265,-1788.3609438800736,3643.8681398044637
2015-04-09,1253.5846037497618,-1440.3449772053955,4117.476205005425
2015-04-10,1507.208774008506,-1190.2984535523344,4166.516082270321
2015-04-11,1102.8587600228743,-1660.9558394759679,3906.3740529764013
2015-04-12,1282.5257877081829,-1387.8691111416583,4048.366877235027
2015-04-13,1490.6627947680781,-1136.158356671993,3989.6116021346334
2015-04-14,909.1769035699291,-1763.1213338190016,3637.252387236867
2015-04-16,1244.6677672578287,-1559.5902950990771,4023.7725592703246
2015-04-17,1512.2271900079652,-1270.6782953619804,4187.082353160046
2015-04-18,1117.0739408049321,-1628.4385306617392,3902.7944479916628
2015-04-19,1301.3086724800066,-1483.823945565954,3892.9210035191877
2015-04-20,1509.6343248525882,-1144.1910471123372,4124.370143215701
2015-04-21,924.336158933949,-1764.6913376279674,3529.5292567780925
2015-04-22,52.04655981976589,-2763.6711217311713,2684.533813968558
2015-04-24,1497.3008284557864,-1223.9214757927418,4208.650025719721
2015-04-25,1088.075831409686,-1781.7053020053188,3729.01711046271
2015-04-26,1257.421229061034,-1383.0315221336195,3883.294122395161
2015-04-27,1450.7849528256188,-1075.8664330994923,4093.888121417175
2015-04-28,851.1804781217932,-2067.1784242423596,3475.151760163619
2015-04-29,-34.06994873741519,-2812.1187235214784,2615.2500092180667
2015-04-30,1145.156124773434,-1458.658180732313,3871.264419118722
2015-05-01,1391.7492278278069,-1385.0914524126,4298.078892332123
2015-05-02,977.0695439529801,-1897.7825242267695,3767.4082687334517
2015-05-03,1144.3174349220585,-1666.2325712266247,3865.7214420019504
2015-05-04,1339.1888280118928,-1278.27327151404,4176.673530233493
2015-05-07,1060.412903624654,-1734.1961279884315,3819.2676570427857
2015-05-08,1323.0423547393152,-1309.5781460632486,4106.937576888955
2015-05-09,927.4822216658063,-1984.8495847090978,3749.904420462109
2015-05-10,1116.5085692379887,-1834.1063902949154,3932.510577659736
2015-05-11,1335.3112695637542,-1252.0011612234762,4194.968211129973
2015-05-12,766.4613123595097,-2073.081136525534,3616.956659076652
2015-05-13,-83.33094385210438,-2827.4890487354833,2575.2432191265607
2015-05-14,1135.2952826002993,-1817.6549719297864,3793.217053951919
2015-05-15,1424.3426336016405,-1266.2898817169782,4304.456078210167
2015-05-16,1054.1839588608877,-1878.4258708150724,3542.1974615080535
2015-05-17,1266.961994012541,-1472.874523530072,3941.3916974451795
2015-05-18,1507.27541745556,-1087.4514779285232,4187.012413634391
2015-05-20,122.87065023254627,-2563.648229722194,2769.7532889473605
2015-05-21,1353.384420280871,-1411.2757748164709,4200.188263923737
2015-05-22,1650.4208420481095,-1019.2152137541078,4211.980176128819
2015-05-23,1284.1668421200056,-1407.2299759659854,4059.6306121881216
2015-05-24,1496.6819746736546,-1072.1902500441834,4363.057295820969
2015-05-25,1732.5851642596197,-991.0783404961343,4514.568359791236
2015-05-26,1174.0356607407373,-1638.9097668149013,3874.0284736673607
2015-05-28,1542.2688836105685,-1125.744095856486,4178.173165706328
2015-05-29,1820.4449114437746,-947.9486933985572,4684.448773285754
2015-05-30,1432.6688545221973,-1340.5454045440063,4105.065470109615
2015-05-31,1621.5080904499473,-1034.124861335866,4231.6778728575655
2015-06-01,1832.1292413684866,-930.3104895179042,4619.900643094916
2015-06-04,1562.0850081152369,-910.0643561281449,4418.920406464958
2015-06-05,1814.2949794150425,-689.1295965781081,4685.586179168737
2015-06-07,1567.494481811823,-1162.3858301989067,4339.963729536881
2015-06-08,1757.1063962562332,-959.1913760056061,4247.286453025658
2015-06-09,1153.667250499423,-1534.0428442444615,4028.5822833603393
2015-06-11,1439.6687990324053,-1340.237466952557,4257.471524132118
2015-06-12,1681.9469548999443,-1038.2182519251242,4454.005231891273
2015-06-13,1262.5323346223654,-1494.991445780963,3842.9210482957633
2015-06-14,1424.4242831449783,-1161.6997226728122,4194.3778835354515
2015-06-15,1613.0901900634726,-1202.1735987416084,4483.2817501715945
2015-06-16,1011.4287547674373,-1796.6305851041127,3808.8127613366205
2015-06-18,1308.1454211970556,-1449.7596669506415,4218.134296961505
2015-06-19,1558.7418251031718,-1122.866903831549,4140.493342605356
2015-06-20,1149.1525235587328,-1440.0781753399324,3733.500041948463
2015-06-21,1322.0035200542384,-1421.258479405521,3958.205680053049
2015-06-22,1522.384109515207,-1263.1366614523329,4271.858798456043
2015-06-23,932.8213808168799,-1912.328382715511,3508.8414178131584
2015-06-25,1253.5709075519048,-1571.6638071247276,3940.609281480061
2015-06-26,1515.4432881915939,-1062.8223208813715,4440.300067633714
2015-06-28,1298.5272118907187,-1463.7444533659236,4118.434215105037
2015-06-29,1507.0980267965942,-1258.6173301314172,4242.036375618863
2015-07-02,1254.8573526476443,-1544.3094841340976,4124.442129829048
2015-07-03,1519.611638101713,-1231.1530756379223,4267.5536871992645
2015-07-04,1122.1457342884023,-1747.131441304715,3874.599954233133
2015-07-05,1305.0150471185707,-1400.268580559676,3797.6826029794174
2015-07-06,1513.3195613802873,-1214.2929720774355,4323.031193027082
2015-07-08,60.95564284800798,-2490.9183777339936,2912.3936348332945
2015-07-09,1256.8241672218282,-1558.806032172639,3976.7247308133105
2015-07-10,1519.6875149501684,-1363.6698829197828,4410.099021437539
2015-07-11,1120.4245734832998,-1660.7055297249562,3982.5624470952253
2015-07-12,1301.7672510787042,-1502.30185891356,3894.4393673598306
2015-07-13,1508.9683188267138,-1247.2453597596286,4428.407289652929
2015-07-14,924.7647724384628,-1778.500255643717,3606.4393547139607
2015-07-16,1252.7722985877847,-1474.5024783578149,3879.459440069719
2015-07-17,1517.1215378595489,-1028.9651865107571,4200.4252847008665
2015-07-18,1120.0378221448473,-1515.3770910969624,4040.368676777203
2015-07-19,1304.2001158063626,-1512.6923619749953,4039.1981275180433
2015-07-20,1514.7765012864595,-1211.2645162774436,4175.120392959345
2015-07-23,1270.8156662799202,-1335.621052591374,4219.510290235511
2015-07-24,1539.453737788628,-1130.7751702156459,4233.130660383394
2015-07-25,1146.4996630271814,-1699.7206281256736,3728.821412702558
2015-07-26,1334.4783910235785,-1533.3163036278415,3962.1423911219363
2015-07-27,1548.4174697280375,-1153.7740674191518,4381.347973499313
2015-07-30,1310.762002274133,-1385.7512297383987,4002.6339150156664
2015-07-31,1580.0431294800896,-1110.6759675433327,4318.00367590357
2015-08-01,1186.9971190459444,-1546.8973571401402,3886.883453011541
2015-08-02,1374.2073309095704,-1244.9717338234555,3968.5674791039587
2015-08-05,143.01347628080862,-2606.858841060122,2819.692237987072
2015-08-06,1343.271897082499,-1260.0991958777322,3975.269035906782
2015-08-07,1610.6945920393866,-1121.0550204476394,4175.58033591306
2015-08-08,1216.2665373837526,-1394.1000918906627,3873.7233713777655
2015-08-09,1402.8541634989178,-1206.5789544317497,4087.971426187056
2015-08-10,1615.875624721877,-1132.4373394507106,4078.0363618416936
2015-08-11,1038.2653644908667,-1689.0104972744953,3586.6790538086248
2015-08-13,1382.725736367806,-1280.6202370992971,4175.91163899403
2015-08-15,1272.6600886645458,-1568.0797240201218,3957.6390684832227
2015-08-16,1471.3857880690728,-1362.1643736442893,4197.961558095211
2015-08-17,1699.041174047461,-954.3867958040614,4377.234680090683
2015-08-21,1823.6229529375046,-964.8367557186558,4647.402835730005
2015-08-22,1464.9422803625007,-1229.301899990889,4200.200615319408
2015-08-23,1691.3265464356668,-1198.038132049993,4222.860272933868
2015-08-24,1947.9046646248376,-811.1762239116565,4730.292517311617
2015-08-25,1417.2056362705368,-1361.0582753510128,4118.414143663475
2015-08-27,1863.3686374937824,-793.6800545509827,4403.695449641785
2015-08-28,2191.562072490434,-449.7548796584905,4842.000249785308
2015-08-29,1860.8481521281324,-794.647890879884,4928.764885407526
2015-08-31,2393.5961018501757,-300.55955383107465,5141.590878449805
2015-09-01,1883.5796934556824,-719.5633999520169,4576.385616611074
2015-09-03,2360.0292307911595,-155.8833388799599,5264.842213049788
2015-09-04,2696.884151866484,105.2071743377484,5422.27933041713
2015-09-05,2369.9740865752474,-202.77082838470358,5203.206907850196
2015-09-06,2621.094337278397,-217.70340355486053,5442.348866739613
2015-09-07,2894.5544751107263,-83.39200661509585,5583.083250514696
2015-09-08,2372.160879995933,-332.85253469224574,4933.121083395118
2015-09-10,2806.8952051494707,189.39262674730983,5458.357413000535
2015-09-11,3114.5311791570875,566.1911807427277,5967.625616695016
2015-09-12,2753.0582968254575,-244.78224422594496,5541.740235724092
2015-09-13,2964.555570491206,397.8977546681182,6017.938355134688
2015-09-14,3193.700924269652,382.17786464612385,6027.358962471822
2015-09-15,2622.7485273949683,-482.24410663775836,5239.3665612552595
2015-09-16,1758.2927735642868,-1002.248358227985,4626.515335625491
2015-09-17,2949.7807499983946,24.83466574536981,5706.710486753279
2015-09-18,3199.5008641399318,444.7783053868261,5947.43192197254
2015-09-19,2778.3043446735674,71.79986433439407,5420.422224147053
2015-09-20,2928.9943179605634,209.54726177029252,5491.7265209419675
2015-09-21,3096.997870451673,416.6814107475096,5927.518033784625
2015-09-22,2465.3322157046696,-468.7372993180953,5357.831549676838
2015-09-24,2675.277857477512,92.43782881987325,5462.218024407388
2015-09-25,2870.1198277532703,-38.44413877683424,5591.2524989413205
2015-09-26,2397.4429009860282,-432.6588668409487,4836.890204113049
2015-09-27,2500.7191479503163,-129.65860026598293,5217.414727797315
2015-09-28,2625.996201380139,-35.146652383444454,5322.774041473631
2015-10-01,2109.533995943313,-615.1264829878497,4780.459815911672
2015-10-02,2285.368782909927,-361.4239746345798,5033.211815620339
2015-10-03,1800.495082379701,-753.0965908164154,4663.822076915487
2015-10-04,1898.5768068436914,-790.0239455872686,4568.997334380388
2015-10-05,2025.948635366495,-571.2337485834815,4911.513204512979
2015-10-08,1558.1996852406676,-1050.333833010196,4387.462257617374
2015-10-09,1763.9126735839181,-1075.601823359403,4308.547308700126
2015-10-10,1315.278523760812,-1587.3351620959575,3760.6038684577384
2015-10-11,1455.5674006527256,-1174.4773281426917,4267.2807399715675
2015-10-12,1630.466663124623,-1192.7794064696382,4334.220161468129
2015-10-13,1023.0427834136703,-1742.2349014335794,3687.960973662156
2015-10-15,1332.6451408137796,-1324.977162219657,4232.872825929429
2015-10-16,1601.9441922198039,-1015.9546301189825,4244.290234436018
2015-10-17,1219.1644980997294,-1538.3155775960872,3917.115386095742
2015-10-18,1426.800297648811,-1344.1199263911,4108.20261724641
2015-10-19,1669.7392794207435,-1012.6673675527886,4286.077929290722
2015-10-20,1130.2338503238404,-1866.1223383893255,3894.26984160038
2015-10-22,1572.039958607945,-1102.451810434224,4314.938494366921
2015-10-23,1904.0136335092373,-824.8620274387442,4768.832395012621
2015-10-24,1580.586783415422,-1107.8938856905904,4310.729360689479
2015-10-25,1843.5193513794825,-920.3728223738246,4691.793144581041
2015-10-26,2137.012010031948,-517.0072722858121,4830.098944339564
2015-10-28,866.3620540025144,-2006.9600219910492,3476.154391887811
2015-10-29,2156.565737528746,-572.0022015633162,4823.398937666944
2015-10-30,2514.544179442662,-212.82357296547056,5259.680087192823
2015-10-31,2209.9933134040775,-518.4049987965825,4847.730689830484
2015-11-01,2484.4645573860716,-288.96740221842975,5357.816102136067
2015-11-02,2782.0545807083927,-161.9185305596209,5402.831236925811
2015-11-03,2284.3905969756124,-305.0284639239236,4980.955171550708
2015-11-05,2769.8490789232183,168.93881002238822,5503.0428864757305
2015-11-06,3103.3089800743855,296.2999649261077,5803.402344263574
2015-11-07,2767.92082486476,-60.27815532135857,5466.810016109324
2015-11-08,3005.778959033439,127.76939776739738,5723.851166784797
2015-11-09,3261.616727040576,615.2925967963399,5860.757156002669
2015-11-10,2717.7825124764368,-69.87111579594192,5220.934410366823
2015-11-11,1881.0015368669199,-923.2628169617669,4537.801195489424
2015-11-12,3100.8851884888227,328.5328763102068,5708.478811151157
2015-11-13,3379.9154909336826,618.3995110459663,6289.829710664214
2015-11-14,2989.1613900458588,124.05161689369467,5801.919766178449
2015-11-15,3171.6615470330285,466.42549918637195,6189.38966716122
2015-11-16,3373.0890651418963,591.0866843544446,6028.9776129584625
2015-11-17,2776.7093192999937,127.76802080734501,5533.99128173878
2015-11-19,3063.7596842160365,130.84885295021982,5643.103290577179
2015-11-20,3301.016681856959,493.3738764961829,6055.173020284554
2015-11-21,2873.435039962922,223.99273279152376,5627.76109009614
2015-11-22,3024.593956589785,376.0211902576917,5890.117508971807
2015-11-23,3200.5869461495313,357.87040889943546,5921.271800137195
2015-11-24,2584.969091611897,-99.8905055071818,5452.666087265868
2015-11-25,1685.4925214842553,-994.3789498818336,4492.943123233027
2015-11-26,2852.5925435962235,208.4413323855773,5500.877991432494
2015-11-27,3089.3526631021105,467.8413208269174,5838.823308796768
2015-11-28,2667.2057203559657,56.74355831998718,5339.092884687188
2015-11-29,2829.306316962464,-39.86520081800002,5788.642072052757
2015-11-30,3021.190345433556,445.999334385717,5690.045250309539
2015-12-01,2425.7330742463096,-305.11222137312114,5116.752112298784
2015-12-03,2743.2422696521144,125.93927609597677,5387.2775025245155
2015-12-04,3007.8957804084066,313.1873530565529,5652.4871944525485
2015-12-05,2614.2888303608233,-170.26014009018297,5164.242062007137
2015-12-06,2804.545025461498,-110.17943721959728,5338.191528001314
2015-12-07,3023.165568832914,170.76295552437557,5668.563002556725
2015-12-08,2452.012235688281,-513.1683640131901,5011.5973465794605
2015-12-09,1597.0816978604084,-1453.2367210254017,4273.4187719944
2015-12-10,2807.0328010834673,125.21557303544445,5447.586887313742
2015-12-11,3083.194112537402,289.5176353167325,5628.554371871505
2015-12-12,2695.3080036584643,-162.07837653435075,5456.777847831691
2015-12-13,2884.945427097508,222.99430845191188,5770.5371922051245
2015-12-14,3096.20617925471,361.86657340750287,5920.273555886569
2015-12-15,2510.7150864786818,-479.39835208741925,5156.180973721878
2015-12-16,1634.4058638569713,-1113.8422056174174,4405.448177677151
2015-12-17,2816.0539298308913,-47.554216278931804,5256.301942557589
2015-12-18,3057.285265019188,317.9147978871729,5745.687028628826
2015-12-19,2628.3174498843455,-72.17744459661024,5380.297788016461
2015-12-20,2771.367014433603,-10.264200284836514,5619.939329438064
2015-12-21,2931.3379737073474,3.9487430553107465,5726.67215692553
2015-12-22,2290.8021778682464,-380.90605781575573,5076.001547551324
2015-12-23,1356.7635229446355,-1474.945543372539,4223.239104126901
2015-12-24,2479.167703853551,-150.47778485609464,5242.460503065807
2015-12-25,2660.885090043327,-207.0996017166454,5390.875371577704
2015-12-26,2173.423433611553,-533.7552487700966,5096.491776362517
2015-12-27,2260.3051888822106,-456.04163237062807,5078.211612147099
2015-12-28,2367.725018745167,-231.7592385825776,5035.907307998341
2015-12-29,1679.4988573608935,-1089.082232183771,4337.994398449091
2015-12-30,703.7973374380252,-2071.3822959269232,3455.2951253943297
2015-12-31,1791.7816962043557,-885.773090064532,4513.457564590578
2016-01-02,1442.0028327545983,-1383.641222145189,4231.412911183457
2016-01-03,1520.6220709413915,-1368.60281280292,4216.737611517324
2016-01-04,1629.5324710404864,-1151.8682766512798,4334.487438433255
2016-01-05,952.7270420989266,-1598.2242145372372,3677.5092576762645
2016-01-07,1117.0967804627887,-1768.6119598164366,4067.4263523049176
2016-01-08,1312.3263604923063,-1412.5640953127222,4177.76755642313
2016-01-09,855.6023149348259,-1852.1551503720866,3471.425918679424
2016-01-10,990.1389653710071,-1729.3735775136074,3750.225784312348
2016-01-11,1161.4439331484782,-1485.736198242812,4063.284159706287
2016-01-14,862.0922255670781,-1984.8744967614882,3606.5975526509364
2016-01-15,1132.1275291775219,-1488.394483409723,3699.855785840284
2016-01-16,749.5179727702875,-2083.544422598813,3241.09000086043
2016-01-17,955.9130697951329,-1656.1631335329403,3643.0880934726815
2016-01-21,1063.6048969832016,-1534.2817865235913,3924.639826164348
2016-01-22,1373.3923503439082,-1246.5287903062049,4094.133781190338
2016-01-23,1020.9415167353437,-1759.4410980969315,3738.623663424757
2016-01-24,1247.3046235533448,-1385.5248343241894,3943.0123662793544
2016-01-25,1496.104670524772,-1386.402419541654,4170.339618052871
2016-01-28,1329.502430575511,-1263.9577963145978,3949.625030089481
2016-01-30,1215.4312211315232,-1849.3398710485874,3817.6413823025996
2016-01-31,1394.2325741561165,-1151.1989600414743,4166.186846832637
2016-02-01,1589.194610390494,-1167.5959880176551,4304.89104011872
2016-02-02,982.9454460566006,-1791.5837175317217,3550.099503110684
2016-02-03,82.60860075792084,-2778.4889289553166,2876.965481258254
2016-02-04,1238.3060979780664,-1420.6960462909428,3986.752107264529
2016-02-05,1453.1333309063452,-1219.843082174114,4078.263579582306
2016-02-06,998.8626553866861,-1689.3083026704087,3537.3881251821804
2016-02-07,1119.3107675131812,-1500.074468476262,3733.207856322802
2016-02-08,1260.985738028027,-1663.95219401141,3821.667751297534
2016-02-09,608.0253793009774,-2040.6105695740055,3237.001535075822
2016-02-11,794.9827060140279,-1811.3853356238446,3521.3914098077444
2016-02-12,990.2946107641466,-1853.8844644965866,3872.3936990052084
2016-02-13,527.3847053499403,-2266.320892037343,3390.4393251350884
2016-02-14,650.5779713222315,-2293.535397698369,3306.608417625058
2016-02-15,806.6293232681041,-1960.6916701085588,3521.275271090059
2016-02-16,179.65497087498125,-2513.199140807279,3106.073257529502
2016-02-19,705.327281050414,-1858.535573431715,3458.97866946615
2016-02-20,309.36539019119505,-2309.429477739005,2960.438133088687
2016-02-21,507.27345321709186,-2193.482639199188,3210.237676811196
2016-02-22,744.2770558693232,-1995.7927269308384,3464.4965878180055
2016-02-23,202.9107174179885,-2410.5123484660658,3071.9115807515077
2016-02-25,653.5696452275321,-2089.6982706514386,3508.3577220746256
2016-02-27,686.8219397883958,-2036.3490259533849,3663.485268792814
2016-02-28,967.1971740413446,-1615.6108587322988,3738.5437793885862
2016-02-29,1280.8368729735362,-1427.902038450914,4030.0659556296227
2016-03-01,808.7336638289191,-1711.6362406018113,3409.617771521055
2016-03-03,1370.4514910559058,-1544.4702557479675,4262.9184788317225
2016-03-04,1752.5530286151961,-993.7358560760642,4536.956587283564
2016-03-05,1471.2549368173543,-1150.0873327392994,4187.838152357156
2016-03-06,1767.3815458446184,-1286.0099140032858,4369.044230159315
2016-03-07,2084.3495156712984,-683.2539066016037,4809.176215099373
2016-03-08,1603.1718487040916,-1067.9984251320031,4459.4445704826985
2016-03-09,829.2469570357811,-1884.1686966973136,3530.3381977066742
2016-03-10,2110.8940176418073,-506.5349026320563,4931.875655300649
2016-03-11,2449.361741453595,-263.795134368005,5174.611375658494
2016-03-12,2114.566814031282,-445.3887656474623,4742.8301505010395
2016-03-13,2348.4963445200983,-471.6283842829642,5170.207424323221
2016-03-14,2595.8894729442345,-248.0554242135613,5292.278651154749
2016-03-15,2039.209104330988,-651.1146238844957,4806.961952426392
2016-03-17,2384.3687835536175,-501.68484383391774,5159.716442810896
2016-03-18,2638.9935544848454,-170.83454159438037,5182.577479509495
2016-03-19,2220.787513957164,-452.921249686377,4753.189935571821
2016-03-20,2373.2846021481273,-372.6810470587357,5261.429091592521
2016-03-21,2542.6834941486177,-212.56696507352027,5396.434935201459
2016-03-22,1912.7882719704444,-956.0024857050594,4488.049238037255
2016-03-24,2130.4678551728553,-495.8404209163753,4802.644500856626
2016-03-25,2332.690582256393,-514.16786102095,5093.050089496084
2016-03-26,1870.5554407068826,-864.1447774714065,4670.675592728558
2016-03-27,1988.0205124297079,-799.9356876209416,4828.204386973454
2016-03-28,2131.4942590474607,-462.05522217055227,4782.920063541516
2016-03-29,1484.7781463483338,-1272.9147738427716,4243.799798821503
2016-03-30,555.8004615226266,-2176.854019930981,3253.157397969683
2016-03-31,1695.1037641951232,-1030.6415656076344,4403.37043738373
2016-04-01,1905.8141029806964,-944.2507328111863,4695.8860325478045
2016-04-02,1459.3490363916917,-1282.6780746790055,4391.893661422239
2016-04-03,1598.799335125027,-1220.2794398296926,4398.209587021221
2016-04-04,1769.59980530932,-771.4018890192096,4554.152163929357
2016-04-05,1154.5002365496866,-1659.3376652498064,3747.1624513944917
2016-04-06,260.37605122913465,-2348.296530383751,3261.531429929682
2016-04-07,1436.6035334955895,-1114.5345823838795,4183.7988187940855
2016-04-08,1685.2005393356965,-881.6404705924014,4790.0271882425695
2016-04-09,1276.5154210442195,-1446.3500683603186,3916.614673360195
2016-04-10,1452.635109722655,-1219.2470780096623,4150.549238653459
2016-04-12,1074.794643807781,-1748.4173717372964,3654.6570243995297
2016-04-13,208.9302983003363,-2502.098428040674,3048.957094437264
2016-04-14,1409.3734552085575,-1232.6000727623468,4261.472355383227
2016-04-15,1677.7546058212902,-1115.0851200921966,4167.957713635579
2016-04-16,1284.1890919394862,-1445.167024208903,4108.113972278721
2016-04-17,1470.6856228208246,-1223.2768950923999,4269.012228572731
2016-04-18,1681.8371452258843,-1070.3500792521143,4382.604065889159
2016-04-19,1099.804714067649,-1585.896256215061,3748.310089002555
2016-04-21,1425.0331138116449,-1382.7664660905516,4177.335615577944
2016-04-22,1683.8383717662157,-1205.954107039607,4262.4086888048605
2016-04-23,1278.2596344346066,-1481.942132109029,3955.2473923358616
2016-04-24,1451.0050396659828,-1358.2318490632856,4015.543838647726
2016-04-25,1647.40161784417,-1175.8947973641295,4397.1029209781345
2016-04-26,1050.3561023623436,-1596.4256254047705,3846.3440629706392
2016-04-28,1347.6887538138476,-1645.0714741752329,3942.8866439444128
2016-04-30,1180.250161013792,-1723.231204577929,3790.4728934118575
2016-05-01,1346.7536974278878,-1482.2257490992106,4117.70468311376
2016-05-02,1540.1857049449645,-1218.0513873671116,4169.098611395698
2016-05-03,943.7297138600736,-1657.4640300698745,3599.318181923186
2016-05-05,1253.4225412671856,-1497.438354999732,3857.557437093855
2016-05-06,1512.4249825296693,-1220.2886539370174,4326.591296269419
2016-05-07,1112.923512413086,-1592.7981151436918,3811.4163431755032
2016-05-08,1297.810934214193,-1397.645028152892,3847.0867569417674
2016-05-09,1512.4000341072842,-928.2485678928871,4242.135186516607
2016-05-10,939.3873496125267,-1658.6424093511428,3613.8586623468054
2016-05-11,85.60786511113292,-2542.4304984198866,2946.8488074425577
2016-05-12,1300.5425969564296,-1474.3326796865863,4136.060495063999
2016-05-14,1213.375017673819,-1543.4305961005523,3823.245188949556
2016-05-15,1423.9786583917335,-1425.6359124648272,3963.2975852268282
2016-05-16,1662.7892419914667,-1082.0648536765696,4307.870325601456
2016-05-17,1111.9000309552548,-1494.5867814089295,3701.948769434512
2016-05-18,277.5968913536676,-2385.1817632016287,3078.6440008021905
2016-05-19,1508.880311786869,-1217.3720313623132,4062.5444834148793
2016-05-20,1807.4658296052776,-894.4694604503579,4809.465980893976
2016-05-21,1443.5192084727046,-1153.7544986405196,4167.954076348494
2016-05-22,1659.0604972655688,-1105.91369077508,4425.06508384063
2016-05-23,1898.6522279694573,-901.7472405628115,4525.855892147829
2016-05-24,1344.3821455618527,-1360.184540382977,3876.424198801259
2016-05-25,502.63266233905756,-2157.228796546089,3232.9529953120195
2016-05-26,1722.598643126652,-1012.4504327162986,4566.223101589477
2016-05-27,2006.2810046952322,-628.3903127573026,4888.237283301092
2016-05-28,1624.2126919990492,-1151.559270135155,4415.990567901486
2016-05-29,1818.8516130949415,-931.8047424128428,4585.200782816342
2016-05-30,2035.2558630424114,-685.316940809635,4731.435036170672
2016-05-31,1456.052315911441,-1262.2771056476656,4369.249158508942
2016-06-02,1781.447757144392,-775.8316502081758,4498.039701207728
2016-06-03,2038.4018394243558,-603.1590609574163,4676.536483078135
2016-06-04,1630.1475596519883,-986.4903395089635,4275.337899196949
2016-06-05,1799.6728642901987,-1065.6694728039843,4589.492997171229
2016-06-06,1992.5218062554784,-969.3996654733016,4810.0754941620135
2016-06-07,1391.7519016825904,-1207.4570738066693,4172.606774049734
2016-06-09,1681.3732417665042,-1102.741770719101,4162.66811781559
2016-06-10,1924.6303358775056,-942.0081229461564,4731.118440074529
2016-06-11,1505.6816432869082,-1282.379008537518,4369.678244920827
2016-06-12,1667.571662210279,-1086.2238837286532,4623.1505537606945
2016-06-13,1855.8224111833065,-685.9447666181071,4723.958233214497
2016-06-14,1253.394718173376,-1437.8811946314888,4029.414404333995
2016-06-15,367.4391726332549,-2272.3726259619275,3123.0341321537194
2016-06-16,1547.7988018106553,-1219.9247310008914,4242.886424719964
2016-06-17,1796.9912724634817,-795.7005461852224,4289.741072134287
2016-06-18,1385.9273833419504,-1252.5186075523552,4099.702913381196
2016-06-19,1557.3005152675785,-1320.0651820507626,4209.713706649953
2016-06-20,1756.2623364324509,-969.6051668146827,4573.276469469126
2016-06-21,1165.3956960047012,-1585.8311471998722,3762.3310904819928
2016-06-23,1483.9893027994844,-1241.3085365530046,4014.358175642935
2016-06-24,1745.115092573022,-846.6703391292057,4379.6349184417995
2016-06-25,1345.4627917969894,-1582.7031942208923,3984.39669111898
2016-06-26,1527.4638842922902,-1148.48029501372,4162.048972038778
2016-06-27,1736.054303194454,-1040.768804858544,4725.441549180985
2016-06-28,1153.651381315136,-1736.8489897281,4136.360136333977
2016-06-29,286.91844642295996,-2441.6978820682702,2871.6519374140903
2016-06-30,1485.278776137084,-1175.2156229724633,4338.328292823982
2016-07-01,1750.90644991071,-1303.5376435411881,4465.783560727594
2016-07-02,1354.4506887413172,-1262.0662380297363,4083.805620562546
2016-07-03,1538.4412695357173,-1242.1607810475437,4529.6477605458795
2016-07-04,1747.925310777547,-929.7854338926675,4250.061879744723
2016-07-07,1494.9337096707038,-944.3642141253205,4234.015762528511
2016-07-08,1758.8400605555858,-919.6438466758111,4449.457998535769
2016-07-09,1360.5126558600912,-1343.4396456779007,3960.531160906886
2016-07-10,1542.6653823608926,-1153.1652997612211,4295.930163793268
2016-07-12,1166.8689531294074,-1572.7511120536985,3760.110073081609
2016-07-14,1495.538449032068,-1270.0863083036875,4178.380921787727
2016-07-15,1760.0428016485928,-987.7669790635005,4644.395030934202
2016-07-16,1363.0237144943999,-1358.8743022781484,4094.315855478312
2016-07-17,1547.185978939714,-930.4798659197618,4129.948425273339
2016-07-18,1757.7267181092022,-921.8622723216591,4373.048408305286
2016-07-19,1177.3017488217247,-1464.6902195097532,3728.4635014410815
2016-07-20,312.78108718638146,-2509.4065622313683,3008.4608072120177
2016-07-21,1513.7556117877107,-1432.6426003580875,3999.0866050231625
2016-07-22,1782.5226527367868,-758.2480526992554,4566.4098442984805
2016-07-23,1389.8072527241297,-1377.636249907817,4226.669094674318
2016-07-24,1578.1537607112714,-1089.1729799399177,4278.993277991167
2016-07-25,1792.6030613965593,-735.3403353317959,4634.779070483304
2016-07-28,1557.3582880874062,-1143.6410747581472,4334.770367564298
2016-07-29,1827.7053901687657,-964.4703713975472,4692.256094495177
2016-07-30,1435.820964506307,-1306.5300848895906,4270.221057655193
2016-07-31,1624.255469095881,-1185.1831209770887,4221.45504341668
2016-08-01,1838.0975943447497,-679.6857570213829,4594.034653049435
2016-08-02,1259.9488661865105,-1349.5796300590246,4137.545298078989
2016-08-03,396.6855875801466,-2434.5779805115076,2952.647395404864
2016-08-04,1597.9698686527377,-1101.7478206050243,4516.0014843080435
2016-08-05,1866.2373146983114,-1012.8308595138647,4612.958988253451
2016-08-06,1472.4179903828667,-1256.5345691405687,4267.731648798174
2016-08-07,1659.3252682032414,-1109.9451860103693,4400.471603062832
2016-08-08,1872.327889105295,-813.2016224233217,4732.909725856252
2016-08-09,1294.3162855958476,-1269.6376143798368,3907.615815283434
2016-08-11,1636.6873367245714,-1109.7889909467044,4339.72988183502
2016-08-12,1909.7076811219415,-679.7076605136303,4628.215918354134
2016-08-13,1522.679053738101,-1413.6615966227837,4325.483518025732
2016-08-14,1718.610107152047,-1088.3022489086743,4413.595256564622
2016-08-15,1943.019563713791,-919.3398030610809,4512.988003988145
2016-08-16,1378.8952581328635,-1402.6899119843617,4162.349114549176
2016-08-17,533.4410239116974,-2110.965128476975,3219.4951797457584
2016-08-18,1756.6081910698347,-1091.9352079852583,4494.896612448536
2016-08-19,2050.966848110318,-640.9042503969978,4858.884469541406
2016-08-20,1687.5195685877566,-1096.7399506218283,4417.13192486734
2016-08-21,1909.0468728010212,-841.029569036101,4623.750139758429
2016-08-22,2160.7728919829724,-309.09847987893573,4967.4020053944705
2016-08-23,1625.327949564536,-1227.2620634858606,4279.122324361437
2016-08-26,2387.1463013452176,-249.50651816388608,5183.453661851641
2016-08-27,2053.1750779956624,-730.5234668443888,4780.612979405491
2016-08-28,2303.042983090649,-316.23246780851383,4981.3509013106195
2016-08-29,2581.3969175996476,19.32675887233966,5272.087600014954
2016-08-30,2070.2898589566926,-495.0603774338298,4883.4471437139155
2016-08-31,1275.9448972143769,-1450.8878114673316,4062.2459512517385
2016-09-01,2547.2708430179728,-257.0187509995426,5371.059884524386
2016-09-02,2885.8569861200695,26.417302849924507,5820.612074931443
2016-09-03,2561.703571967023,-266.29843922712786,5367.168009089224
2016-09-04,2816.6224933738604,42.091832781992665,5713.186055807999
2016-09-05,3094.9233561105048,348.1902354578905,5795.878012376003
2016-09-06,2578.395744885427,-175.8419938261116,5140.378923349617
2016-09-08,3027.787065582291,219.15655445962935,5810.862741539779
2016-09-09,3344.09826833218,589.8055346697024,6027.344291886621
2016-09-10,2992.0959107918825,263.6883299891366,5642.181758398127
2016-09-11,3213.7647844669673,423.47470276009676,6013.186886572479
2016-09-12,3453.676405689934,605.0963402883997,5968.173940034684
2016-09-13,2893.9679823985884,107.85734068357964,5535.6225500274395
2016-09-14,2041.1081906780591,-842.0896747438984,4431.577016852718
2016-09-15,3244.4115677261316,522.2779183145423,6011.843963517418
2016-09-16,3506.029150903695,867.4159370372373,6313.332118824822
2016-09-17,3096.672041593406,207.26485152779068,5912.013118327647
2016-09-18,3259.00255760258,719.7429058692624,6103.253911580819
2016-09-19,3438.3083492430005,608.2150701836088,5999.939445121671
2016-09-20,2817.470564597303,61.86403869180897,5540.951365863852
2016-09-22,3047.1327948947624,319.16343145102206,5652.300829743032
2016-09-23,3250.6248366572345,595.1207115593394,6075.8283932892355
2016-09-24,2785.6494955312155,-103.89656175607035,5495.832140448438
2016-09-25,2895.585758223561,196.541752072287,5658.562524934472
2016-09-26,3026.4009398520393,390.2024215892202,5922.92741138205
2016-09-27,2361.609636150121,-356.4939252293043,4937.5111466358
2016-09-28,1409.0199749958097,-1116.2722348779316,4218.56466721204
2016-09-29,2519.229261326404,-182.96618845078123,5292.043099329551
2016-09-30,2695.59690404542,-149.87614211648187,5244.19046215456
2016-10-01,2209.9560587681867,-568.795760124598,4628.093817707259
2016-10-02,2305.976204530693,-381.00907792042113,5230.704828889809
2016-10-03,2429.8374686875727,-246.383883876022,5274.696582985242
2016-10-04,1765.182632256717,-948.8616009546764,4335.842351592825
2016-10-06,1944.4286244476493,-891.6708683390393,4623.333362768773
2016-10-07,2142.1118999433556,-532.5090921848071,4872.335821683347
2016-10-08,1684.5261322098363,-1018.3978557057115,4267.759027540308
2016-10-09,1815.0491666629634,-1089.958796126948,4609.699231206028
2016-10-10,1979.486411547381,-657.9687153117314,4581.11776004461
2016-10-11,1361.0314801550003,-1515.2321497569906,4188.619859032215
2016-10-13,1647.41021526911,-972.2186310378006,4378.774643684526
2016-10-14,1904.803417592224,-913.0192347585577,4665.619711726613
2016-10-15,1510.1190114829042,-1325.9525824360196,4183.437313862438
2016-10-16,1706.0010200623353,-948.9787284488796,4447.656553423558
2016-10-17,1937.4862687873858,-650.2549850928433,4666.36463180515
2016-10-18,1386.9737777265573,-1456.233724205718,4051.8315773315094
2016-10-20,1808.6681261739695,-843.1096939954955,4377.841993131204
2016-10-21,2131.8004568041433,-571.7907244381113,4934.541639193394
2016-10-22,1800.5018371417232,-707.5789326348505,4488.5988561849845
2016-10-23,2056.637593474595,-541.8869591802264,5013.4027450532985
2016-10-24,2344.5000609523054,-380.91999644815127,4969.282201960498
2016-10-25,1845.7884548038544,-732.5631146326662,4430.032164267143
2016-10-27,2354.8411255154283,-454.6492323687928,4812.925752461941
2016-10-28,2712.4453452228863,98.1772082848901,5509.96516517869
2016-10-29,2408.889339267322,-250.87999361097621,5211.442680455764
2016-10-30,2685.706802394416,-158.8318232879093,5465.633162422067
2016-10-31,2986.9561829492595,237.13026144649544,5641.586437880234
2016-11-01,2494.2061456726087,-358.3597304406801,5099.776786900348
2016-11-03,2992.923978756711,195.8239672664635,5803.210596049429
2016-11-04,3334.5171266078214,637.2799315569778,5890.3288652466645
2016-11-05,3008.0953907423655,326.34301503745667,5485.117265903671
2016-11-06,3255.6081898297266,584.7247438963773,5912.618090113485
2016-11-07,3521.6322462052467,911.7035098228957,6178.710490060611
2016-11-08,2988.3502546930704,198.9507419172002,5907.793940956683
2016-11-09,2162.315575667047,-614.2827175287761,4927.60627084875
2016-11-10,3392.96467657503,590.8624721348289,6256.892400324177
2016-11-11,3682.604876762426,829.0130109907481,6258.612900508038
2016-11-12,3302.1340121286853,476.4855635144769,6026.012574246588
2016-11-13,3494.4266397201222,677.5213145357397,6424.473354399268
2016-11-14,3705.0021860713214,779.3400606738697,6235.139499935412
2016-11-15,3116.9858906914565,316.08556721701405,5785.818864583334
2016-11-16,2237.855516062965,-398.1346866280344,4714.349861270834
2016-11-17,3417.9354236175845,514.6560973325212,5994.369809523025
2016-11-18,3660.3661980654088,904.9435804929329,6368.740797428655
2016-11-19,3236.8067878427564,452.2764840197694,6016.782816554098
2016-11-20,3390.804187730385,716.2852300395238,5854.186253725607
2016-11-21,3568.4464209509333,834.8165890796123,6219.556341913245
2016-11-22,2953.3103031483574,180.69450518697707,5755.086923445528
2016-11-23,2053.1968372885153,-637.2111907060715,4633.3527953103
2016-11-24,3218.616653510715,637.2440032954061,6100.6420540398585
2016-11-25,3452.753717383351,607.8064604746577,6053.926730363057
2016-11-26,3027.164552964543,131.6297069339944,5716.729042579344
2016-11-27,3185.1481746864984,441.94430699093283,5817.986259998008
2016-11-28,3372.4025842727624,582.0505456682852,6016.190729820469
2016-11-29,2771.979339672012,45.853398019223405,5426.585220969465
2016-11-30,1891.0289913510487,-743.5411470856535,4773.6860707895
2016-12-01,3079.2996666451127,250.3030407637083,5804.935972352776
2016-12-02,3339.1168123760644,703.2448926617269,6235.2157177291365
2016-12-03,2941.101051936271,25.77383477733677,5715.6400203412495
2016-12-04,3127.5589875289315,470.4511451290414,6165.979302136327
2016-12-05,3343.1623744002436,834.7339239586017,6313.257701414601
2016-12-06,2769.9266866467065,48.19418316914718,5498.731376076584
2016-12-08,3124.093248316749,407.6358948081227,5824.4470725782785
2016-12-09,3401.6712315573773,788.4901309040007,6251.51876651486
2016-12-10,3016.5074631046177,228.15724434788896,5895.035080700223
2016-12-11,3210.1903601281815,479.0764187182537,5876.817840815122
2016-12-12,3426.8036710074794,876.8468884696737,6065.278215488225
2016-12-13,2847.922277500822,-1.6875698575356028,5498.361095793998
2016-12-14,1979.3964836447558,-691.5434756463766,4785.257003794512
2016-12-15,3169.8860829501527,325.74073403509533,5919.501874652852
2016-12-16,3420.8712803627272,671.148567550266,6177.046780892374
2016-12-17,3002.3965713515136,320.0706218742736,5640.2902828691595
2016-12-18,3156.481658910686,574.29966086163,5854.010472922024
2016-12-19,3327.814210572059,623.0472281160656,6259.891792810334
2016-12-20,2698.7349948192095,-47.43390590981929,5454.426682557338
2016-12-22,2909.332459745857,211.74479566173954,5732.519242789611
2016-12-23,3101.338150569788,152.5429218914853,5937.814179809565
2016-12-24,2623.2973408185294,-34.01639624973399,5323.701134104879
2016-12-25,2718.5112199272203,-98.34766460642952,5325.189938556221
2016-12-26,2832.9724075046997,109.85825916330838,5518.399815941021
2016-12-27,2150.318991478304,-429.51107911380836,4983.523291358026
2016-12-29,2268.624381497251,-515.3595173735381,5228.087373718505
2016-12-30,2424.190360049059,-310.4279956731279,5342.416825110486
2016-12-31,1917.5053525175836,-838.0903442157079,4646.259806520076
2017-01-01,1992.6788623390678,-827.487317845324,4868.131021987701
2017-01-02,2096.33622087408,-865.2935592478102,4861.449966433861
2017-01-03,1412.5544209194893,-1486.9979725196288,4211.032527823094
2017-01-06,1742.309506756041,-907.7062403476089,4545.173801414613
2017-01-07,1273.3153871501443,-1555.556435448678,4060.4935527535204
2017-01-08,1394.8189440794436,-1448.598998388563,4213.584788869616
2017-01-09,1552.5997410590758,-1123.49625195303,4355.089756453664
2017-01-12,1212.6156379648605,-1468.8732984386722,3919.4172184963145
2017-01-13,1470.0578353677033,-1121.059424058464,4034.983222729829
2017-01-14,1075.7965462053558,-1710.8837853430925,3922.4486224347947
2017-01-15,1271.7348627421677,-1576.4280382016261,4126.343628871655
2017-01-16,1502.0832465446547,-1219.1501279930678,4227.518411889729
2017-01-19,1353.5915072139023,-1288.843303038684,4082.8110372628025
2017-01-20,1661.6029216769969,-941.4633278116816,4502.474439229417
2017-01-21,1309.372479063922,-1447.9215745849901,4010.505275312341
2017-01-22,1537.932822878172,-1299.1178890184585,4148.729661160943
2017-01-23,1790.8401422852658,-916.1802960405838,4558.0115877775415
2017-01-24,1249.1810908286361,-1637.7769175902397,4101.421318659305
2017-01-26,1646.676182998943,-979.6856041261115,4477.481881044654
2017-01-27,1935.271954857831,-955.4532575424917,4728.508141220086
2017-01-28,1553.9510640834637,-1249.9435707178884,4186.12611470683
2017-01-29,1744.5577688798708,-928.448832705242,4392.026257686238
2017-01-30,1951.677561617467,-900.0835881223518,4612.224749466791
2017-02-02,1636.1951101352868,-975.462024177048,4202.033226115923
2017-02-03,1861.4213143035897,-1091.3620553845526,4562.2827072965565
2017-02-04,1416.3572093481637,-1273.9361157894036,4094.709155801029
2017-02-05,1544.5595981840966,-1066.4637892312933,4151.574152905477
2017-02-06,1692.30881536376,-858.0045484471843,4546.550482950083
2017-02-09,1232.7637344107784,-1317.7404456804497,3892.3464880023153
2017-02-10,1425.970791655065,-1450.6729922800685,4051.5369006617825
2017-02-11,958.7812238851963,-1890.906069612556,3706.1639850657602
2017-02-13,1223.1824898132609,-1453.5408516796788,4077.1515890023134
2017-02-16,832.7148512482445,-1840.0502344345189,3566.1064985549133
2017-02-17,1071.3663156169055,-1334.631975715745,3851.9977087298175
2017-02-18,659.804472986757,-2071.3200943275315,3333.958119580493
2017-02-19,841.4187638628421,-2006.108994102555,3615.8695095814323
2017-02-20,1061.8615609813128,-1653.3154130481234,3816.104152318219
2017-02-21,504.00432548640583,-2042.6167787415675,3241.4741695943944
2017-02-23,923.2300096039457,-1975.0884804998966,3640.7330694067923
2017-02-24,1251.4140794498808,-1541.887198608574,3899.9458603560633
2017-02-25,929.2220007244766,-1801.3855916101793,3815.845890799987
2017-02-26,1198.2392239969988,-1693.1597112372308,3876.774455923265
2017-02-28,1022.73737790079,-1657.0834321062612,3944.3753334552425
2017-03-02,1576.021171828495,-1346.2679591794422,4175.241542955742
2017-03-03,1957.3472338689369,-859.3178283152704,4566.445458142789
2017-03-04,1677.5859690801958,-977.1246976002917,4268.779414272089
2017-03-05,1977.5145798709923,-776.741404469578,4673.4200898741465
2017-03-06,2300.455838466527,-392.9538719544229,4959.486596255726
2017-03-07,1827.2847850534479,-1031.363005236385,4434.867108663858
2017-03-08,1063.2214795052025,-1740.3710150586621,3904.378464697198
2017-03-09,2356.370939691689,-382.4029286804892,5169.279963149781
2017-03-10,2707.737270831976,28.755239599740456,5421.065733074026
2017-03-11,2386.9681041721215,-376.123210312535,5043.236309443801
2017-03-12,2635.763527755921,-212.12875106935212,5248.081929302572
2017-03-13,2898.564495423803,-34.0836634259719,5569.305201776528
2017-03-14,2357.531512323368,-547.1172715591853,4960.36167969345
2017-03-16,2733.515319038059,282.303369005185,5603.652025197962
2017-03-17,3002.7522117782883,277.56193045602527,5475.3045831000545
2017-03-18,2598.280866141027,-201.0434607504761,5430.072565074628
2017-03-19,2763.4095163456445,-190.69582561047406,5388.63809981082
2017-03-20,2944.1425778934395,267.53610127816995,5506.268311648626
2017-03-21,2324.1249476337207,-459.8047668648543,4853.339350100644
2017-03-23,2556.743825138372,-221.75335314624715,5481.062542651395
2017-03-24,2763.904623776395,-103.73104419634994,5302.794140372502
2017-03-25,2305.0041467127953,-424.2628210284692,5052.269393501499
2017-03-26,2424.0373563558874,-361.07299071261076,5306.055500009907
2017-03-27,2567.486082385079,-184.35963854853046,5390.540775083861
2017-03-28,1919.2586199098128,-937.5467123818989,4639.9650274208225
2017-03-29,987.4197683048797,-1817.5461515868865,3633.6663948515375
2017-03-30,2122.673864395251,-549.0471241974591,4740.407302193321
2017-03-31,2328.329068593102,-403.53323275563946,5039.4945082639015
2017-04-01,1876.0000808018979,-897.5621015339808,4551.957023901365
2017-04-02,2008.9843079594054,-732.5471969739733,4828.680285678299
2017-04-03,2172.9270710307323,-758.7879524629612,5069.173266246948
2017-04-04,1550.787002473368,-1179.4426061898287,4482.295723898028
2017-04-06,1818.9615163484011,-790.1059138282264,4610.573582724706
2017-04-07,2061.080681535511,-693.1440233315725,4682.254626437007
2017-04-08,1646.4526123834391,-1010.5696221627883,4168.671139819975
2017-04-09,1817.2932049122567,-982.8271869046844,4439.951327099079
2017-04-10,2018.225253360474,-795.0774261321899,4664.761762909202
2017-04-11,1431.2683918652579,-1461.621673637226,4273.020323760517
2017-04-12,562.6186354674285,-2358.1626101944566,3474.133758865085
2017-04-13,1761.1788124903344,-850.0183184768198,4515.315853374244
2017-04-14,2028.5669670717646,-626.6296704142935,4850.832001669865
2017-04-15,1634.858840015432,-1107.7472436340893,4553.702280526634
2017-04-16,1821.9985187429836,-848.9461484614867,4471.812261100169
2017-04-17,2034.4920726180007,-762.2997628364465,4537.52638830185
2017-04-20,1784.7772215676741,-740.51853740708,4705.794242259974
2017-04-21,2046.5302872212592,-642.3046579405564,4586.655624670788
2017-04-22,1643.9586531506893,-1101.7811396631953,4527.73808121103
2017-04-23,1819.6307274193364,-840.6524282794974,4540.245047888514
2017-04-24,2018.7397710781363,-838.6654532628694,4669.776824553587
2017-04-25,1424.0685909331983,-1423.1675648567866,4130.341657889028
2017-04-26,542.7391914586392,-2054.029819742415,3459.5416564182096
2017-04-27,1724.7096168398439,-1209.2808078267683,4390.485888116426
2017-04-28,1972.746080733228,-694.3410136440068,4593.594591030151
2017-04-29,1558.127561357455,-1210.983190768253,4247.76055878216
2017-04-30,1724.0180426600534,-899.8643780762138,4527.782320834532
2017-05-01,1916.1222980541268,-780.0249899656545,4641.53879589035
2017-05-02,1317.6368146162122,-1264.6739958876435,4259.249625758802
2017-05-03,435.98879135847255,-2361.158386067413,3202.029951174825
2017-05-04,1621.3256738109817,-1087.7020497827364,4465.236259981408
2017-05-05,1876.483455989902,-572.1671101063914,4731.181627214301
2017-05-06,1472.6909610609068,-1485.3473277686978,4304.720998185943
2017-05-07,1652.9452166588803,-1004.2578754315178,4555.939458971027
2017-05-08,1862.673661450794,-907.3113206774545,4558.629104124024
2017-05-09,1284.6945323888458,-1278.522387647965,4043.082014136586
2017-05-11,1636.1003805845526,-1153.2864559486682,4410.875353760168
2017-05-12,1917.32840866496,-664.9419879284875,4823.163452490084
2017-05-13,1540.2416053852521,-1169.252809672791,4326.43887289332
2017-05-14,1747.1760111513272,-1183.9840046808763,4566.877680420816
2017-05-15,1982.8952736706783,-836.5653658467091,4526.1351460061305
2017-05-16,1429.5696402673439,-1401.3577269767804,3871.7471992724186
2017-05-18,1823.8634050583967,-937.9695000006432,4363.874036013519
2017-05-19,2122.2628504935083,-550.0625803340132,4858.036715909408
2017-05-20,1758.9118998613876,-944.8118296023075,4485.8532079803845
2017-05-21,1975.8141685083642,-697.0647267587569,4786.592035139528
2017-05-22,2217.4971728581113,-429.87448633325613,5035.152157486482
2017-05-23,1665.996341246373,-983.800591646831,4293.630886732827
2017-05-25,2051.5000916750855,-816.6147689317179,4760.632147116737
2017-05-26,2339.5265035617176,-499.89808090951584,5132.037005197392
2017-05-27,1962.1373906099168,-744.8688185022687,4656.57196419496
2017-05-28,2161.684097656079,-341.4076641134699,4792.500192845854
2017-05-29,2383.1154657406237,-333.4668215253517,5073.909865548372
2017-05-30,1808.9493384276361,-752.6132306853575,4487.549358989194
2017-06-01,2144.0323562347257,-700.8296190602036,4935.413159895883
2017-06-02,2405.4442766885973,-401.6915945845434,5336.285041542076
2017-06-03,2001.2780900253952,-712.2904814720087,4781.3036347245115
2017-06-04,2174.4521096221324,-697.5250424472669,4863.378965377413
2017-06-05,2370.454287951269,-409.62393956026244,4927.968562181709
2017-06-06,1772.300566612908,-1252.2504607119588,4550.927156726136
2017-06-08,2065.4523529174016,-693.8623937400129,4682.5558795721
2017-06-09,2309.6160242900887,-499.6563722954131,5127.303009675261
2017-06-10,1891.0204533501244,-1004.6755173651525,4452.775019822663
2017-06-11,2052.7409884203134,-669.8013503348096,4612.8402882679175
2017-06-12,2240.342146457315,-494.56066261795144,4888.661871045155
2017-06-13,1636.837193716914,-1092.4159957782574,4410.865593364445
2017-06-15,1928.0514637387664,-834.3944117129588,4521.3468622486
2017-06-16,2175.267859238474,-641.1921252580479,4898.590612223394
2017-06-17,1762.0688003868063,-1015.1974767469553,4524.3674044334075
2017-06-18,1931.2186931125923,-751.7126676936042,4772.696018144936
2017-06-19,2127.937554634803,-612.1382411617124,4940.922546970342
2017-06-20,1534.8720189860928,-1339.343502472873,4302.414863862057
2017-06-21,658.8559716915715,-2134.8050161230954,3478.8620600208756
2017-06-22,1849.4225856698338,-958.2049108574707,4452.082339264328
2017-06-24,1707.614174346817,-806.8435799407408,4410.797658031131
2017-06-25,1888.3323303507677,-772.8796092957866,4734.4133901934465
2017-06-26,2095.8971704667547,-642.7648739779407,4871.39213075706
2017-06-27,1512.7276049538984,-1171.5920724503987,4220.880968749409
2017-06-29,1843.5587685051246,-690.1727102672687,4780.254161237611
2017-06-30,2109.1166503984414,-651.1123932768478,4933.299450777369
2017-07-01,1712.7719683547755,-989.3114630430733,4641.872652063486
2017-07-02,1897.0066572458536,-873.9929977290922,4668.662370428562
2017-07-03,2106.8427657641305,-460.4097708839987,4784.185885685676
2017-07-05,657.7256602995444,-1887.9425189952315,3472.4919461573068
2017-07-06,1855.1594094914808,-834.7509909382189,4498.375979022156
2017-07-07,2119.4598130209724,-614.0959405982798,4766.368478036459
2017-07-08,1721.4503198294942,-888.7690316780938,4373.610391297774
2017-07-09,1903.8190106974148,-703.1640680341004,4689.918923737686
2017-07-10,2111.7878229643393,-573.2054753877308,4755.360762849435
2017-07-11,1528.0767651894625,-1267.5835527969043,4078.8217601288225
2017-07-12,659.6557260901754,-2038.5693365310933,3448.4891369809197
2017-07-13,1856.2460355578605,-1111.7456511604494,4473.7078118924055
2017-07-14,2120.2997360203735,-492.09044832183406,4856.691456151073
2017-07-15,1722.7135404214096,-927.7945543488206,4353.066143818263
2017-07-16,1906.2123996921778,-873.1439917207712,4709.380802055242
2017-07-17,2116.01826890325,-588.9903937930902,4921.110868352049
2017-07-18,1534.8153214231272,-1313.625297144797,4154.667746333058
2017-07-20,1869.7071138976034,-935.9941089414318,4490.50071259131
2017-07-21,2137.7523509766065,-570.1274739651669,4755.091420666296
2017-07-22,1744.393748277507,-1030.6063383060987,4601.817292397148
2017-07-23,1932.201085159928,-956.6358749549095,4370.351430039255
2017-07-24,2146.235999036372,-549.3774590508931,4930.514261001647
2017-07-25,1569.024668834741,-1139.42896800151,4292.51017852263
2017-07-26,707.3195191493367,-2171.236948440456,3364.3119468515915
2017-07-27,1910.6117397313942,-855.6670679293509,4757.109687863754
2017-07-28,2181.122179584748,-685.6505817851383,4853.201861476061
2017-07-29,1789.5271703578876,-902.8396994731203,4503.419519692434
2017-07-30,1978.3537711107072,-849.8893402315028,4740.635363876692
2017-07-31,2192.6595978359733,-544.5414228518905,4988.790836528607
2017-08-01,1615.0080795376834,-1019.680595051827,4319.217738071176
2017-08-03,1953.9422780406169,-816.3572155527762,4810.345680481308
2017-08-04,2222.5238474893545,-770.0281324055559,4901.41560237256
2017-08-05,1828.8513461710086,-778.6316365949889,4435.77744916639
2017-08-06,2015.683050273721,-865.7606817901292,4751.316191122877
2017-08-07,2228.3340114194275,-419.4679241484868,4858.9438117747095
2017-08-10,1989.5035923473451,-641.4406091299954,4785.027905093557
2017-08-11,2260.6210812331306,-341.12072052428294,5233.274689507614
2017-08-12,1871.227078377917,-774.7349062317442,4643.622966062695
2017-08-13,2064.320127082311,-599.4716057998096,5013.7517251688205
2017-08-14,2285.420631482213,-642.6401921433301,4880.274632700536
2017-08-15,1717.5305617123881,-846.9268434400955,4450.8970120201075
2017-08-16,867.8806980055576,-1914.5998590241802,3599.897092190503
2017-08-17,2086.4275971707216,-758.8295672026583,4963.850502622774
2017-08-18,2375.8282713715494,-349.6521395084888,4984.269865829938
2017-08-19,2007.149593962181,-920.9531132019986,4818.2994201459605
2017-08-20,2223.2474010135224,-422.5578044938061,4944.424486833414
2017-08-21,2469.430930975092,-278.7308250020849,5350.839518886288
2017-08-22,1928.4239123603966,-915.1408686825641,4616.648866157952
2017-08-23,1107.11492015652,-1533.871811701036,3797.980698823637
2017-08-24,2355.0591343499145,-220.3713195388762,5168.033187692542
2017-08-25,2674.459396442795,-157.38123373247907,5430.017726578163
2017-08-26,2335.883443039345,-277.97640382534047,5119.535872585066
2017-08-27,2581.652111948864,-86.23417631770936,5324.648265954705
2017-08-28,2856.513957251518,206.4496809006192,5689.482346201565
2017-08-29,2342.61735030797,-519.040676662061,5020.887164730526
2017-08-31,2816.4647939868587,143.82953966246555,5527.459511757609
2017-09-01,3154.848475165469,390.43807289477303,5975.506738158216
2017-09-02,2831.4749377369794,163.54031220939345,5542.585935299731
2017-09-03,3088.19249287825,219.0114202538589,5796.368123021049
2017-09-04,3369.3313957008013,550.9202125502483,6261.607755178413
2017-09-05,2856.68544265364,-82.35749086156052,5533.394002181916
2017-09-07,3316.9037897674953,832.3847387043426,6121.916128325512
2017-09-08,3640.085003876954,733.3635101229238,6386.57346324417
2017-09-09,3295.8464283403637,550.2075521176374,5983.179004243534
2017-09-10,3526.0958581256946,632.5208152504832,6139.747693537699
2017-09-11,3775.313868104803,950.4053081035108,6473.249320409407
2017-09-12,3225.5341592249088,572.7570617118209,5853.867484915106
2017-09-13,2383.110921943541,-295.5933043728282,5255.885681562952
2017-09-14,3597.23498886026,737.330996208164,6320.850844177694
2017-09-15,3869.926369553659,1172.2526490878165,6622.718952660948
2017-09-16,3471.759808281733,752.1968866742587,6237.774852944662
2017-09-17,3645.2579901176196,809.0988193482541,6225.842277371397
2017-09-18,3835.5677331442052,1217.240686529017,6574.32091703254
2017-09-19,3225.4302161593073,441.06752643649844,5866.14338931642
2017-09-20,2321.9376516715647,-441.607079751493,5061.901934544018
2017-09-21,3475.038380206231,645.9764454545137,6140.211048524345
2017-09-22,3687.5181805616953,827.9726408119329,6448.957865638535
2017-09-23,3230.7146314064307,702.7959939948192,5980.266729008139
2017-09-24,3347.899333757671,509.2712906949999,6228.4476474640815
2017-09-25,3484.9435015582367,854.7115054042811,6199.8854751330455
2017-09-26,2825.2781224495748,-27.442316076565994,5673.103008260185
2017-09-28,2989.5743916667598,272.5513921794211,5878.824048033375
2017-09-29,3167.3962544692727,334.26579320273095,5917.864825670049
2017-09-30,2681.9101304035325,-27.602684676849833,5368.306873406329
2017-10-01,2776.780407563271,15.464721004738925,5313.846793546285
2017-10-02,2898.1933719533267,256.7065562807588,5496.200163117044
2017-10-03,2229.8136428736825,-454.9629700917195,4922.0524415047485
2017-10-04,1279.5287681555337,-1581.5297883386093,3936.6599720567897
2017-10-05,2397.9440568736354,-321.03726649687974,5111.839949831491
2017-10-06,2588.355514525103,-184.39328332593186,5329.816848209073
2017-10-07,2122.4577581697654,-527.9672461482461,4808.911776874297
2017-10-08,2243.7217374357074,-516.7005187406425,5078.9819469889235
2017-10-09,2398.0577630531716,-293.0911224748368,5187.551213717253
2017-10-10,1768.7750207051793,-996.7088023349282,4465.550206997141
2017-10-12,2031.8263952690027,-644.6079698830328,4960.955856661244
2017-10-13,2276.992747780081,-532.0866687383004,5025.070311230203
2017-10-14,1869.8972632947573,-758.9141573140846,4581.154639174372
2017-10-15,2053.3319987317136,-546.0517292712532,4836.139716400692
2017-10-16,2272.483437719449,-319.7500327597071,4974.202210617315
2017-10-17,1709.9000731765873,-967.7473433120366,4478.83882521898
2017-10-19,2108.827217373647,-576.6313693841099,4826.031467673428
2017-10-20,2421.544272034751,-223.9209648374773,5067.897413908773
2017-10-21,2080.6515750587414,-643.5907368962958,4827.661233739065
2017-10-22,2328.134539818379,-430.5921397163368,5142.1910639303505
2017-10-23,2608.394048379186,-158.06146974517196,5288.126449085101
2017-10-24,2103.224564824346,-481.5829797178989,4811.260906462797
2017-10-26,2603.101527592218,-142.76729764947908,5084.624904691755
2017-10-27,2958.0979264741595,387.9589376631288,5847.171262397665
2017-10-28,2653.2967991562223,89.66822740834313,5430.71893324549
2017-10-29,2930.2394639253316,219.80186565097577,5671.551129530724
2017-10-30,3232.97175668455,457.0622324581118,6027.46338103338
2017-10-31,2743.0292432957067,80.33491151841108,5455.902439301907
2017-11-01,1966.2107636041155,-927.703879298662,4623.838946552938
2017-11-02,3251.1019836277305,718.2806718321056,6065.050261440243
2017-11-03,3599.0764101487925,980.9114459618365,6213.371749779161
2017-11-04,3280.030329502807,357.51764327300964,6040.0613426288355
2017-11-05,3535.7860813791167,619.4817459796519,6182.439326104776
2017-11-06,3810.778760540728,1192.8718159000914,6381.433814963791
2017-11-07,3287.0371283364802,739.4405582918073,6011.784937953076
2017-11-08,2470.9508613415715,-293.2481502282157,5082.015829036061
2017-11-09,3711.7858247752756,895.3960122771176,6546.164136194185
2017-11-10,4011.6748803067308,1266.8844378652502,6590.866342859874
2017-11-11,3641.340791626949,913.5147565279794,6383.07583555003
2017-11-12,3843.485787550632,929.8073785467658,6648.822395318433
2017-11-13,4063.4630714245095,1413.594563663728,6752.893385697126
2017-11-14,3484.2413000141323,787.8430990371645,6393.077552957428
2017-11-15,2613.1544428219677,-25.070326064805602,5326.293512945783
2017-11-16,3800.3990312578417,1092.2427303495083,6615.592174926685
2017-11-17,4049.0066612305764,1203.3362299387231,6726.547596663599
2017-11-18,3630.548692053215,797.7016040081118,6278.998697207125
2017-11-19,3788.508098308276,1120.2953551439025,6490.888948771007
2017-11-20,3968.9341686903153,1021.0378847080053,6717.411733061682
2017-11-21,3355.391479052445,667.0126027958157,5961.424401974204
2017-11-22,2455.6959431442606,-80.32630961557432,5274.528033872837
2017-11-23,3620.40032109818,963.9748651144627,6461.83595406128
2017-11-24,3852.75738763103,1074.3743689534526,6496.662044079169
2017-11-25,3424.417998896575,635.5568724129154,6086.08855634978
2017-11-26,3578.7992589816413,984.1791317232108,6367.022670184341
2017-11-27,3761.7386642760694,1265.8130286336957,6547.160839967046
2017-11-28,3156.445769670486,664.4481740548038,5863.818245228729
2017-11-29,2270.2442236482593,-499.42020749149475,5029.993754677859
2017-11-30,3453.0665184304544,706.2385306801164,6276.357193754345
2017-12-01,3707.4295437891797,927.1278811188889,6420.741866642955
2017-12-02,3304.147990057896,668.0471104122461,6019.525865965082
2017-12-03,3485.7205300406863,1028.9756083989914,6405.342627401192
2017-12-04,3697.004312461914,791.3356019881312,6389.337267593168
2017-12-05,3120.188897316661,310.11499106865904,5856.355083161082
2017-12-06,2261.562006437882,-479.7426344877447,4992.669190428619
2017-12-07,3470.028911431131,704.4838275021971,6119.097118004283
2017-12-08,3747.112984891107,946.6464329188701,6153.953532996693
2017-12-09,3362.693871879184,834.3385419268328,5965.246147939465
2017-12-10,3558.417610976047,768.9751309219739,6363.293529105379
2017-12-11,3778.3936401865094,1019.8453734835367,6392.880164526483
2017-12-13,2341.6132319481803,-489.02694940631693,4939.398255809441
2017-12-14,3539.250283590658,921.9160690401932,6431.3675991834225
2017-12-15,3798.472864981162,1192.4133395434765,6589.012917354144
2017-12-16,3389.18699687979,727.922494771253,6144.078006490276
2017-12-17,3553.245817457454,829.3717434727843,6342.681881883197
2017-12-18,3735.1457311247204,1191.8915601216434,6583.419774128035
2017-12-19,3117.0156106366803,503.82342334147626,5960.04335307405
2017-12-20,2205.3909077893622,-472.72640006223463,5055.5903506970735
2017-12-21,3349.7341334756993,685.1539742071814,6195.64765365995
2017-12-22,3552.429041233315,821.5129574361669,6190.529400197397
2017-12-23,3084.504958394014,306.70238048981173,5830.66237723028
2017-12-24,3189.0257647013023,425.03228717487076,5845.96493117774
2017-12-25,3311.758808144645,515.7892404829935,6210.256782987838
2017-12-26,2636.1348426471122,-44.538942259809524,5407.625743259452
2017-12-27,1669.991518575463,-984.4056674339846,4537.098585526478
2017-12-28,2764.0626101539715,144.5058910283779,5651.134759285415
2017-12-29,2921.9410677339874,177.5803529636692,5628.015538216948
2017-12-30,2415.773104761828,-334.17283047196247,5220.441181148956
2017-12-31,2489.6185781332865,-226.9887838601694,5193.65052085154
2018-01-01,2590.093684002438,-53.854511110903076,5275.084086051292
2018-01-02,1901.3077407707397,-902.8203384618098,4538.475500707872
2018-01-03,931.5872137405374,-1744.6523512974284,3675.9610568005537
2018-01-04,2031.9497086693204,-663.4754150622745,4711.081965644615
2018-01-05,2206.0564697041937,-683.773805555771,4923.811603872763
2018-01-06,1725.9009306970086,-981.6069810063032,4357.575605930446
2018-01-07,1835.1687987042308,-810.8909124894296,4541.339214562676
2018-01-08,1979.885785542838,-916.3842735822387,4847.087052794846
2018-01-09,1343.3647219956983,-1383.689258196735,4030.29113233483
2018-01-10,432.9450400785556,-2448.3845802834658,3116.5651090939577
2018-01-11,1598.487051675891,-1109.5503748163067,4216.277122786279
2018-01-12,1842.3491359142913,-1008.850739871533,4604.473053679415
2018-01-13,1435.1048457050608,-1282.171595015001,3979.9581662342284
2018-01-14,1618.934770117614,-1022.253414939345,4255.031721285302
2018-01-15,1838.3085375613455,-978.6629354860772,4511.0572839915885
2018-01-16,1274.9678916318637,-1534.9444097974474,4027.75068394538
2018-01-17,434.70296993349257,-2385.5381993177584,3138.874312638431
2018-01-18,1665.8833273602831,-1166.438311590581,4553.543536467878
2018-01-19,1969.4709195089101,-655.160815480019,4639.235564548855
2018-01-20,1614.7711725716379,-1001.2347893954435,4424.149170609655
2018-01-21,1842.8561271962403,-1016.8020307932907,4707.332486548985
2018-01-22,2097.274248512914,-665.2545468501571,4848.508875650641
2018-01-23,1559.0571187340067,-1313.7189342293914,4330.179373355943
2018-01-24,733.5145227044054,-2007.1009850579624,3599.958929529154
2018-01-25,1968.7789605137434,-876.1200683272433,4634.166881357274
2018-01-26,2265.826421399741,-509.9138131612866,5078.425329045575
2018-01-27,1894.2293009063153,-899.4352394955697,4556.647409663684
2018-01-28,2095.5753484860556,-719.2163429021093,4976.38035449311
2018-01-29,2314.167285624451,-286.6383457691153,5097.631207859835
2018-01-30,1732.0135067343933,-1028.2558650783237,4573.877456945032
2018-01-31,855.6017135119239,-1817.78319626914,3740.2106240056355
2018-02-01,2034.4169940920042,-672.4507795900743,4792.896683274691
2018-02-02,2270.931784627287,-320.19087998716697,5026.624965967185
2018-02-03,1836.3243104475005,-849.4179705069538,4320.878680978521
2018-02-04,1973.8602040157525,-799.9635851066357,4700.03190958635
2018-02-05,2129.5528249330096,-595.6748411385918,4737.032218083499
2018-02-06,1487.113632854591,-1146.5658761441405,4129.802782637736
2018-02-07,554.6854331543902,-2046.8635407685465,3384.9807691602664
2018-02-08,1683.3209820303105,-914.4542609526135,4479.095859239529
2018-02-09,1876.9353462814158,-839.2247983092999,4674.452915771374
2018-02-10,1407.989530579856,-1294.7631552351254,4136.56386426945
2018-02-11,1520.8409203327637,-1033.661350780254,4208.854106490298
2018-02-12,1662.3768300079412,-1041.5957000290086,4398.94500167828
2018-02-13,1016.9431668744617,-1603.0479125904383,3713.9508503551756
2018-02-14,93.06156668459244,-2701.5636638219808,3005.28602673476
2018-02-15,1241.8978889115087,-1525.3897841637954,3965.511646064201
2018-02-16,1467.2107213528893,-1465.756700734118,4164.708031361946
2018-02-17,1041.0375088028236,-1820.669321443074,4006.631013120729
2018-02-18,1207.0538002697233,-1603.5682517495184,3769.2088700158415
2018-02-19,1411.221696685136,-1271.675591339416,4054.20304539473
2018-02-20,836.7391519443404,-1849.7960282381405,3601.3004136877153
2018-02-21,-9.21701356724543,-2708.1190488949474,2641.128656583787
2018-02-22,1223.0078753946582,-1426.7248890314186,3854.302893399384
2018-02-23,1535.529224493232,-982.1487939850176,4270.3022917040735
2018-02-24,1198.6467161571834,-1413.4151178809464,3769.3577737284345
2018-02-25,1454.243117212589,-1444.0807048169675,3998.211971979648
2018-02-26,1746.4734755907798,-955.6979921403299,4614.833269957137
2018-02-27,1256.7553785659825,-1508.373567270952,4048.4212875467524
2018-02-28,490.55214953758536,-2299.6139397714387,3467.7984227786933
2018-03-01,1795.9102862629243,-989.7353862798374,4787.319335582296
2018-03-02,2173.478140182022,-256.55918873130923,4830.0174066389045
2018-03-03,1892.2617767897334,-754.9661496566349,4615.742317760116
2018-03-04,2193.0518540332764,-343.52154316018436,4882.960707158819
2018-03-05,2519.13600128492,-389.0957348635077,5410.014359884775
2018-03-06,2051.3068500991094,-611.8733230369585,4772.260110731082
2018-03-07,1294.6572088203075,-1284.1679456107322,4113.110927241845
2018-03-08,2597.1234441004017,-177.22022268325813,5347.91446183924
2018-03-09,2959.503979357288,281.7071238012361,5914.799485504787
2018-03-10,2651.2089118392996,-220.17041449645527,5424.392035204777
2018-03-11,2913.6747959137647,102.79629811012956,5622.412150092709
2018-03-12,3191.059427978943,487.2895773606064,5906.271898620533
2018-03-13,2665.2272694858993,4.931386295842914,5413.73703357673
2018-03-14,1842.517604418927,-893.8445139476821,4417.218180551757
2018-03-15,3072.257201326722,310.8086058162729,5769.79145421781
2018-03-16,3356.7451808975657,636.8881642817084,6028.501158687506
2018-03-17,2966.9669450376887,78.5740497315264,5928.537463924671
2018-03-18,3145.9721101796913,307.9523217198147,6128.971685369265
2018-03-19,3339.532193364527,515.009271591964,5894.360197168583
2018-03-20,2731.0895952645446,-60.76030561437163,5526.674636234812
2018-03-21,1828.4908557272136,-1171.1543323727403,4489.082923167005
2018-03-22,2982.466780823631,433.04521781268693,5762.281878218131
2018-03-23,3196.587900329838,467.3164911320474,6008.477852599716
2018-03-24,2742.9527801873423,-85.08543473522519,5519.96696552432
2018-03-25,2865.5446958901643,282.93296103478616,5636.236810644973
2018-03-26,3010.872860325235,392.62236033900535,5706.980219008276
2018-03-27,2362.910066874265,-369.7640929951903,5023.655273490322
2018-03-28,1429.8199055647347,-1183.055593018984,4185.179230685982
2018-03-29,2562.4361959520184,-115.96674713669641,5264.662708465094
2018-03-30,2764.223003889584,21.608977320523433,5506.99742787443
